Val0,Val1,Val2,Val3,Val4,Val5,Val6,Val7,Val8,Val9,Val10,Val11,Val12,Val13,Val14,Val15,Score,Agent,AgentHeur,Move,Trial,
0,0,2,2,2,0,0,0,0,0,0,0,0,0,0,0,0,N/A,N/A,LEFT,0
4,0,0,0,2,0,0,0,0,0,0,0,0,2,0,0,4,N/A,N/A,UP,0
4,2,0,0,2,0,0,0,0,0,0,2,0,0,0,0,4,N/A,N/A,UP,0
4,2,0,2,2,0,0,0,0,0,0,0,0,0,2,0,4,N/A,N/A,DOWN,0
0,0,4,0,0,0,0,0,4,0,0,0,2,2,2,2,4,N/A,N/A,UP,0
4,2,4,2,2,0,2,0,0,0,0,0,0,0,2,0,4,N/A,N/A,RIGHT,0
4,2,4,2,0,0,2,4,0,0,0,0,0,0,0,2,8,N/A,N/A,UP,0
4,2,4,2,0,0,2,4,2,0,0,2,0,0,0,0,8,N/A,N/A,UP,0
4,2,4,2,2,0,2,4,2,0,0,2,0,0,0,0,8,N/A,N/A,DOWN,0
0,0,0,0,0,2,0,2,0,0,4,4,8,2,2,2,20,N/A,N/A,UP,0
8,4,4,2,0,2,2,4,0,0,0,2,0,0,0,0,24,N/A,N/A,LEFT,0
8,8,2,0,8,0,0,0,2,2,0,0,0,0,0,0,44,N/A,N/A,RIGHT,0
0,0,16,2,0,0,0,8,0,0,0,4,0,0,0,2,64,N/A,N/A,LEFT,0
16,2,0,2,8,0,0,0,4,0,0,0,2,0,0,0,64,N/A,N/A,DOWN,0
16,0,2,0,8,0,0,0,4,0,0,0,2,2,0,2,64,N/A,N/A,UP,0
16,2,2,2,8,0,2,0,4,0,0,0,2,0,0,0,64,N/A,N/A,DOWN,0
16,2,0,0,8,0,0,0,4,0,0,0,2,2,4,2,68,N/A,N/A,UP,0
16,4,4,2,8,2,0,0,4,0,0,0,2,0,0,0,72,N/A,N/A,DOWN,0
16,0,0,0,8,0,0,0,4,4,0,2,2,2,4,2,72,N/A,N/A,DOWN,0
16,0,0,2,8,0,0,0,4,4,0,0,2,2,4,4,76,N/A,N/A,DOWN,0
16,2,0,0,8,0,0,0,4,4,0,2,2,2,4,4,76,N/A,N/A,LEFT,0
16,2,0,0,8,0,0,0,8,2,0,0,8,4,0,2,96,N/A,N/A,LEFT,0
16,2,0,0,8,0,0,0,8,2,0,2,8,4,2,0,96,N/A,N/A,LEFT,0
16,2,0,0,8,0,0,0,8,4,2,0,8,4,2,0,100,N/A,N/A,UP,0
16,2,4,0,16,8,0,0,8,2,0,0,0,0,0,0,128,N/A,N/A,DOWN,0
0,0,0,0,2,2,0,0,32,8,0,0,8,2,4,0,160,N/A,N/A,RIGHT,0
0,0,0,0,0,0,2,4,0,0,32,8,0,8,2,4,164,N/A,N/A,UP,0
0,8,2,4,0,0,32,8,0,0,2,4,4,0,0,0,164,N/A,N/A,DOWN,0
2,0,0,0,0,0,2,4,0,0,32,8,4,8,2,4,164,N/A,N/A,UP,0
2,8,2,4,4,2,32,8,0,0,2,4,0,0,0,0,164,N/A,N/A,LEFT,0
2,8,2,4,4,2,32,8,2,4,2,0,0,0,0,0,164,N/A,N/A,DOWN,0
0,0,4,0,2,8,2,0,4,2,32,4,2,4,2,8,164,N/A,N/A,RIGHT,0
0,0,0,4,2,2,8,2,4,2,32,4,2,4,2,8,164,N/A,N/A,LEFT,0
4,0,0,2,4,8,2,0,4,2,32,4,2,4,2,8,168,N/A,N/A,RIGHT,0
0,0,4,2,2,4,8,2,4,2,32,4,2,4,2,8,168,N/A,N/A,UP,0
2,4,4,16,4,2,8,0,2,4,32,2,0,0,2,0,196,N/A,N/A,LEFT,0
2,8,16,0,4,2,8,0,2,4,32,2,2,0,2,0,204,N/A,N/A,LEFT,0
2,8,16,2,4,2,8,0,2,4,32,2,4,0,0,0,208,N/A,N/A,RIGHT,0
2,8,16,2,0,4,2,8,2,4,32,2,0,0,2,4,208,N/A,N/A,DOWN,0
0,0,16,2,0,0,2,8,2,0,32,2,4,16,2,4,236,N/A,N/A,UP,0
2,16,16,2,4,0,2,8,2,0,32,2,0,0,2,4,236,N/A,N/A,LEFT,0
2,32,2,0,4,2,8,0,2,32,2,0,2,4,0,2,268,N/A,N/A,UP,0
2,32,2,2,4,2,8,0,4,32,2,2,0,4,0,0,272,N/A,N/A,LEFT,0
2,32,4,0,4,2,8,0,4,32,4,2,4,0,0,0,280,N/A,N/A,UP,0
2,32,4,2,8,2,8,0,4,32,4,0,0,0,2,0,288,N/A,N/A,DOWN,0
0,0,4,2,2,32,8,0,8,2,4,0,4,32,2,2,288,N/A,N/A,LEFT,0
4,2,0,2,2,32,8,0,8,2,4,0,4,32,4,0,292,N/A,N/A,UP,0
4,2,8,2,2,32,8,0,8,2,2,0,4,32,0,0,300,N/A,N/A,UP,0
4,2,16,2,2,32,2,0,8,2,0,0,4,32,2,0,316,N/A,N/A,UP,0
4,2,16,2,2,32,4,0,8,2,0,2,4,32,0,0,320,N/A,N/A,LEFT,0
4,2,16,2,2,32,4,2,8,4,0,0,4,32,0,0,324,N/A,N/A,DOWN,0
4,2,2,0,2,32,0,0,8,4,16,0,4,32,4,4,328,N/A,N/A,UP,0
4,2,2,4,2,32,16,4,8,4,4,0,4,32,0,0,328,N/A,N/A,UP,0
4,2,2,8,2,32,16,0,8,4,4,0,4,32,0,2,336,N/A,N/A,LEFT,0
4,4,8,0,2,32,16,2,8,8,0,0,4,32,2,0,348,N/A,N/A,RIGHT,0
0,2,8,8,2,32,16,2,0,0,0,16,0,4,32,2,372,N/A,N/A,RIGHT,0
0,0,2,16,2,32,16,2,0,0,0,16,2,4,32,2,388,N/A,N/A,LEFT,0
2,16,0,2,2,32,16,2,16,0,0,0,2,4,32,2,388,N/A,N/A,RIGHT,0
0,2,16,2,2,32,16,2,0,0,2,16,2,4,32,2,388,N/A,N/A,LEFT,0
2,16,2,0,2,32,16,2,2,16,0,2,2,4,32,2,388,N/A,N/A,LEFT,0
2,16,2,2,2,32,16,2,2,16,2,0,2,4,32,2,388,N/A,N/A,UP,0
4,16,2,4,4,32,16,2,2,16,2,0,0,4,32,0,400,N/A,N/A,UP,0
8,16,2,4,2,32,16,2,0,16,2,0,2,4,32,0,408,N/A,N/A,RIGHT,0
8,16,2,4,2,32,16,2,0,0,16,2,2,2,4,32,408,N/A,N/A,LEFT,0
8,16,2,4,2,32,16,2,16,2,2,0,8,32,0,0,420,N/A,N/A,RIGHT,0
8,16,2,4,2,32,16,2,0,0,16,4,0,2,8,32,424,N/A,N/A,DOWN,0
0,0,0,4,2,16,2,2,8,32,32,4,2,2,8,32,456,N/A,N/A,LEFT,0
4,0,0,2,2,16,4,0,8,64,4,0,4,8,32,0,528,N/A,N/A,RIGHT,0
0,0,4,2,2,2,16,4,0,8,64,4,0,4,8,32,528,N/A,N/A,DOWN,0
0,0,4,2,0,2,16,2,0,8,64,8,2,4,8,32,536,N/A,N/A,DOWN,0
0,0,4,0,2,2,16,4,0,8,64,8,2,4,8,32,540,N/A,N/A,DOWN,0
2,0,4,0,0,2,16,4,0,8,64,8,4,4,8,32,544,N/A,N/A,UP,0
2,2,4,4,4,8,16,8,0,4,64,32,0,0,8,2,544,N/A,N/A,RIGHT,0
2,0,4,8,4,8,16,8,0,4,64,32,0,0,8,2,556,N/A,N/A,RIGHT,0
0,2,4,8,4,8,16,8,2,4,64,32,0,0,8,2,556,N/A,N/A,DOWN,0
0,0,4,0,2,2,16,16,4,8,64,32,2,4,8,2,572,N/A,N/A,UP,0
2,2,4,16,4,8,16,32,2,4,64,2,0,2,8,0,572,N/A,N/A,DOWN,0
0,2,4,2,2,8,16,16,4,4,64,32,2,2,8,2,572,N/A,N/A,UP,0
2,2,4,2,4,8,16,16,2,4,64,32,2,2,8,2,572,N/A,N/A,LEFT,0
8,2,0,0,4,8,32,0,2,4,64,32,4,8,2,2,620,N/A,N/A,RIGHT,0
2,0,8,2,0,4,8,32,2,4,64,32,0,4,8,4,624,N/A,N/A,DOWN,0
0,0,0,0,2,0,16,2,0,4,64,64,4,8,8,4,716,N/A,N/A,UP,0
2,4,16,2,4,8,64,64,0,0,8,4,0,0,0,2,716,N/A,N/A,LEFT,0
2,4,16,2,4,8,128,0,8,4,2,0,2,0,0,0,844,N/A,N/A,DOWN,0
2,0,0,2,4,4,16,0,8,8,128,0,2,4,2,2,844,N/A,N/A,DOWN,0
2,2,0,0,4,4,16,0,8,8,128,0,2,4,2,4,848,N/A,N/A,RIGHT,0
2,0,0,4,0,0,8,16,0,0,16,128,2,4,2,4,876,N/A,N/A,UP,0
4,4,8,4,2,0,16,16,0,0,2,128,0,0,0,4,880,N/A,N/A,DOWN,0
0,0,0,4,0,0,8,16,4,2,16,128,2,4,2,4,880,N/A,N/A,UP,0
4,2,8,4,2,4,16,16,0,0,2,128,4,0,0,4,880,N/A,N/A,RIGHT,0
4,2,8,4,0,2,4,32,0,2,2,128,0,0,0,8,920,N/A,N/A,LEFT,0
4,2,8,4,2,4,32,0,4,128,2,0,8,0,0,0,924,N/A,N/A,DOWN,0
4,0,0,2,2,2,8,0,4,4,32,0,8,128,2,4,924,N/A,N/A,DOWN,0
4,2,0,0,2,2,8,0,4,4,32,2,8,128,2,4,924,N/A,N/A,DOWN,0
4,0,0,0,2,4,8,2,4,4,32,2,8,128,2,4,928,N/A,N/A,DOWN,0
4,0,0,0,2,0,8,2,4,8,32,4,8,128,2,4,940,N/A,N/A,LEFT,0
4,0,0,2,2,8,2,0,4,8,32,4,8,128,2,4,940,N/A,N/A,LEFT,0
4,2,2,0,2,8,2,0,4,8,32,4,8,128,2,4,940,N/A,N/A,LEFT,0
4,4,0,2,2,8,2,0,4,8,32,4,8,128,2,4,944,N/A,N/A,UP,0
4,4,2,2,2,16,32,8,4,128,2,0,8,2,0,0,968,N/A,N/A,LEFT,0
8,4,0,0,2,16,32,8,4,128,2,2,8,2,0,0,980,N/A,N/A,RIGHT,0
0,0,8,4,2,16,32,8,4,4,128,4,0,0,8,2,984,N/A,N/A,RIGHT,0
2,0,8,4,2,16,32,8,0,8,128,4,0,0,8,2,992,N/A,N/A,DOWN,0
2,0,8,4,0,0,32,8,0,16,128,4,4,8,8,2,996,N/A,N/A,LEFT,0
2,8,4,0,32,8,0,0,16,128,4,0,4,16,2,2,1012,N/A,N/A,DOWN,0
2,0,0,0,32,16,0,0,16,128,8,2,4,16,2,2,1036,N/A,N/A,DOWN,0
2,2,0,0,32,16,0,0,16,128,8,0,4,16,2,4,1040,N/A,N/A,LEFT,0
4,0,0,0,32,16,0,2,16,128,8,0,4,16,2,4,1044,N/A,N/A,RIGHT,0
0,0,0,4,2,32,16,2,0,16,128,8,4,16,2,4,1044,N/A,N/A,UP,0
2,32,16,4,4,32,128,2,0,0,2,8,2,0,0,4,1076,N/A,N/A,RIGHT,0
2,32,16,4,4,32,128,2,4,0,2,8,0,0,2,4,1076,N/A,N/A,UP,0
2,64,16,4,8,0,128,2,0,0,4,8,0,0,2,4,1152,N/A,N/A,RIGHT,0
2,64,16,4,0,8,128,2,2,0,4,8,0,0,2,4,1152,N/A,N/A,LEFT,0
2,64,16,4,8,128,2,0,2,4,8,0,2,4,0,2,1152,N/A,N/A,DOWN,0
0,0,0,2,2,64,16,0,8,128,2,4,4,8,8,2,1164,N/A,N/A,UP,0
2,64,16,2,8,128,2,4,4,8,8,2,2,0,0,0,1164,N/A,N/A,DOWN,0
2,2,0,0,8,64,16,2,4,128,2,4,2,8,8,2,1164,N/A,N/A,RIGHT,0
0,0,2,4,8,64,16,2,4,128,2,4,0,2,16,2,1184,N/A,N/A,DOWN,0
0,0,2,4,2,64,16,2,8,128,2,4,4,2,16,2,1184,N/A,N/A,LEFT,0
2,4,2,0,2,64,16,2,8,128,2,4,4,2,16,2,1184,N/A,N/A,UP,0
4,4,2,2,8,64,16,4,4,128,2,2,2,2,16,0,1188,N/A,N/A,LEFT,0
8,4,0,2,8,64,16,4,4,128,4,0,4,16,0,0,1208,N/A,N/A,RIGHT,0
0,8,4,2,8,64,16,4,0,4,128,4,0,2,4,16,1208,N/A,N/A,UP,0
8,8,4,2,0,64,16,8,2,4,128,16,0,2,4,0,1216,N/A,N/A,RIGHT,0
0,16,4,2,2,64,16,8,2,4,128,16,0,0,2,4,1232,N/A,N/A,DOWN,0
0,2,4,2,0,16,16,8,0,64,128,16,4,4,2,4,1236,N/A,N/A,LEFT,0
2,4,2,2,32,8,0,0,64,128,16,0,8,2,4,0,1276,N/A,N/A,DOWN,0
2,4,0,2,32,8,2,0,64,128,16,0,8,2,4,2,1276,N/A,N/A,LEFT,0
2,4,2,0,32,8,2,0,64,128,16,2,8,2,4,2,1276,N/A,N/A,DOWN,0
2,4,4,0,32,8,4,0,64,128,16,0,8,2,4,4,1284,N/A,N/A,UP,0
2,4,8,4,32,8,16,0,64,128,4,0,8,2,0,2,1292,N/A,N/A,RIGHT,0
2,4,8,4,0,32,8,16,0,64,128,4,4,0,8,4,1296,N/A,N/A,UP,0
2,4,16,4,4,32,128,16,0,64,8,8,0,2,0,0,1320,N/A,N/A,LEFT,0
2,4,16,4,4,32,128,16,64,16,2,0,2,0,0,0,1336,N/A,N/A,RIGHT,0
2,4,16,4,4,32,128,16,0,64,16,2,2,0,0,2,1336,N/A,N/A,DOWN,0
2,0,0,0,2,4,16,4,4,32,128,16,2,64,16,4,1340,N/A,N/A,RIGHT,0
2,0,0,2,2,4,16,4,4,32,128,16,2,64,16,4,1340,N/A,N/A,RIGHT,0
0,0,2,4,2,4,16,4,4,32,128,16,2,64,16,4,1344,N/A,N/A,DOWN,0
2,0,2,0,2,4,16,8,4,32,128,16,2,64,16,4,1352,N/A,N/A,DOWN,0
0,2,2,0,4,4,16,8,4,32,128,16,2,64,16,4,1356,N/A,N/A,UP,0
8,2,2,8,2,4,16,16,4,32,128,4,0,64,16,0,1364,N/A,N/A,DOWN,0
0,2,2,2,8,4,16,8,2,32,128,16,4,64,16,4,1364,N/A,N/A,UP,0
8,2,2,2,2,4,16,8,4,32,128,16,2,64,16,4,1364,N/A,N/A,RIGHT,0
2,8,2,4,2,4,16,8,4,32,128,16,2,64,16,4,1368,N/A,N/A,UP,0
8,8,2,4,2,4,16,8,0,32,128,16,2,64,16,4,1380,N/A,N/A,DOWN,0
0,8,2,4,2,4,16,8,8,32,128,16,4,64,16,4,1384,N/A,N/A,UP,0
0,2,0,0,2,0,0,0,0,0,0,0,0,0,0,0,0,N/A,N/A,DOWN,1
0,0,0,0,0,0,0,0,2,0,0,0,2,2,0,0,0,N/A,N/A,DOWN,1
0,0,0,0,0,0,0,2,0,0,0,0,4,2,0,0,4,N/A,N/A,RIGHT,1
0,0,0,0,0,2,0,2,0,0,0,0,0,0,4,2,4,N/A,N/A,UP,1
0,2,4,4,0,0,0,0,0,2,0,0,0,0,0,0,8,N/A,N/A,UP,1
0,4,4,4,0,0,0,0,0,0,0,0,2,0,0,0,12,N/A,N/A,RIGHT,1
0,0,4,8,0,0,0,0,0,0,0,0,0,4,0,2,20,N/A,N/A,UP,1
2,4,4,8,0,0,0,2,0,0,0,0,0,0,0,0,20,N/A,N/A,LEFT,1
2,16,0,0,2,2,0,0,0,0,0,0,0,0,0,0,44,N/A,N/A,DOWN,1
0,0,0,0,0,0,0,0,2,16,0,0,4,2,0,0,48,N/A,N/A,RIGHT,1
0,0,2,0,0,0,0,0,0,0,2,16,0,0,4,2,48,N/A,N/A,DOWN,1
0,0,0,0,0,2,0,0,0,0,4,16,0,0,4,2,52,N/A,N/A,DOWN,1
0,2,0,0,0,0,0,0,0,0,0,16,0,2,8,2,60,N/A,N/A,UP,1
0,4,8,16,0,0,2,2,0,0,0,0,0,0,0,0,64,N/A,N/A,LEFT,1
4,8,16,0,4,0,0,0,0,0,0,0,0,0,4,0,68,N/A,N/A,DOWN,1
0,0,0,2,0,0,0,0,0,0,16,0,8,8,4,0,76,N/A,N/A,LEFT,1
2,0,0,0,0,0,0,0,16,0,0,2,16,4,0,0,92,N/A,N/A,UP,1
2,4,0,2,32,0,0,0,2,0,0,0,0,0,0,0,124,N/A,N/A,DOWN,1
0,4,0,0,2,0,0,0,32,0,0,0,2,4,0,2,124,N/A,N/A,UP,1
2,8,0,2,32,0,0,0,2,0,0,0,2,0,0,0,132,N/A,N/A,LEFT,1
2,8,2,0,32,0,0,2,2,0,0,0,2,0,0,0,132,N/A,N/A,DOWN,1
0,0,0,0,2,2,0,0,32,0,0,0,4,8,2,2,136,N/A,N/A,RIGHT,1
0,0,0,0,0,4,0,4,0,0,0,32,0,4,8,4,144,N/A,N/A,DOWN,1
0,0,0,0,2,0,0,4,0,0,0,32,0,8,8,4,152,N/A,N/A,DOWN,1
0,0,0,0,0,0,0,4,0,2,0,32,2,8,8,4,152,N/A,N/A,UP,1
2,2,8,4,0,8,0,32,0,4,0,4,0,0,0,0,152,N/A,N/A,DOWN,1
2,0,0,0,0,2,0,4,0,8,0,32,2,4,8,4,152,N/A,N/A,RIGHT,1
0,0,0,2,0,0,2,4,2,0,8,32,2,4,8,4,152,N/A,N/A,LEFT,1
2,0,0,0,2,4,2,0,2,8,32,0,2,4,8,4,152,N/A,N/A,RIGHT,1
0,2,0,2,0,2,4,2,0,2,8,32,2,4,8,4,152,N/A,N/A,UP,1
2,4,4,4,0,2,16,32,2,4,0,4,0,0,0,0,176,N/A,N/A,RIGHT,1
0,2,4,8,0,2,16,32,0,0,2,8,0,2,0,0,192,N/A,N/A,RIGHT,1
0,2,4,8,0,2,16,32,0,0,2,8,0,2,0,2,192,N/A,N/A,UP,1
0,4,4,8,0,2,16,32,0,0,2,8,0,2,0,2,196,N/A,N/A,LEFT,1
16,0,0,0,2,16,32,0,2,8,0,0,4,4,0,0,224,N/A,N/A,LEFT,1
16,0,0,0,2,16,32,2,2,8,0,0,8,0,0,0,232,N/A,N/A,UP,1
16,16,32,2,4,8,0,0,8,0,0,2,0,0,0,0,236,N/A,N/A,UP,1
16,16,32,4,4,8,0,0,8,0,2,0,0,0,0,0,240,N/A,N/A,LEFT,1
64,4,0,0,4,8,0,0,8,2,0,2,0,0,0,0,336,N/A,N/A,LEFT,1
64,4,0,2,4,8,0,0,8,4,0,0,0,0,0,0,340,N/A,N/A,DOWN,1
0,0,0,0,64,4,0,0,4,8,2,0,8,4,0,2,340,N/A,N/A,LEFT,1
0,0,0,0,64,4,2,0,4,8,2,0,8,4,2,0,340,N/A,N/A,DOWN,1
2,0,0,0,64,4,0,0,4,8,2,0,8,4,4,0,344,N/A,N/A,LEFT,1
2,0,0,0,64,4,0,0,4,8,2,0,8,8,0,2,352,N/A,N/A,DOWN,1
2,0,0,0,64,2,0,0,4,4,0,0,8,16,2,2,368,N/A,N/A,LEFT,1
2,0,0,0,64,2,0,0,8,0,0,2,8,16,4,0,380,N/A,N/A,DOWN,1
2,0,0,0,2,0,0,0,64,2,0,0,16,16,4,2,396,N/A,N/A,UP,1
4,2,4,2,64,16,0,0,16,0,0,0,2,0,0,0,400,N/A,N/A,DOWN,1
4,0,0,2,64,0,0,0,16,2,0,0,2,16,4,2,400,N/A,N/A,LEFT,1
4,2,0,0,64,0,0,0,16,2,0,4,2,16,4,2,400,N/A,N/A,UP,1
4,4,4,4,64,16,0,2,16,0,0,0,2,0,0,2,404,N/A,N/A,UP,1
4,4,4,4,64,16,0,4,16,0,2,0,2,0,0,0,408,N/A,N/A,LEFT,1
8,8,0,0,64,16,4,2,16,2,0,0,2,0,0,0,424,N/A,N/A,DOWN,1
8,0,0,0,64,8,0,0,16,16,0,2,2,2,4,2,424,N/A,N/A,DOWN,1
8,2,0,0,64,8,0,0,16,16,0,0,2,2,4,4,428,N/A,N/A,RIGHT,1
0,0,8,2,0,0,64,8,0,0,2,32,0,0,4,8,472,N/A,N/A,LEFT,1
8,2,0,0,64,8,0,0,2,32,0,0,4,8,2,0,472,N/A,N/A,UP,1
8,2,2,0,64,8,0,0,2,32,2,0,4,8,0,0,472,N/A,N/A,RIGHT,1
0,0,8,4,2,0,64,8,0,2,32,2,0,0,4,8,476,N/A,N/A,LEFT,1
8,4,2,0,2,64,8,0,2,32,2,0,4,8,0,0,476,N/A,N/A,UP,1
8,4,2,0,8,64,8,2,0,32,2,0,0,8,0,0,488,N/A,N/A,DOWN,1
0,4,0,0,0,64,2,0,4,32,8,0,16,8,2,2,504,N/A,N/A,UP,1
4,4,2,2,16,64,8,0,0,32,2,0,0,8,0,2,504,N/A,N/A,RIGHT,1
0,0,4,8,0,16,64,8,0,0,32,2,2,0,8,2,516,N/A,N/A,UP,1
2,16,4,16,0,0,64,4,0,2,32,0,0,0,8,0,536,N/A,N/A,DOWN,1
0,0,4,0,0,0,64,2,0,16,32,16,2,2,8,4,536,N/A,N/A,UP,1
2,16,4,2,0,2,64,16,0,0,32,4,0,0,8,2,536,N/A,N/A,LEFT,1
2,16,4,2,2,64,16,0,32,4,0,2,8,2,0,0,536,N/A,N/A,DOWN,1
0,16,0,0,4,64,2,0,32,4,4,0,8,2,16,4,544,N/A,N/A,LEFT,1
16,0,0,0,4,64,2,0,32,8,0,2,8,2,16,4,552,N/A,N/A,LEFT,1
16,2,0,0,4,64,2,0,32,8,2,0,8,2,16,4,552,N/A,N/A,UP,1
16,2,4,4,4,64,16,0,32,8,0,0,8,2,2,0,556,N/A,N/A,UP,1
16,2,4,4,4,64,16,2,32,8,2,0,8,2,0,0,556,N/A,N/A,RIGHT,1
2,16,2,8,4,64,16,2,0,32,8,2,0,0,8,2,564,N/A,N/A,LEFT,1
2,16,2,8,4,64,16,2,32,8,2,4,8,2,0,0,564,N/A,N/A,RIGHT,1
2,16,2,8,4,64,16,2,32,8,2,4,0,4,8,2,564,N/A,N/A,LEFT,1
2,16,2,8,4,64,16,2,32,8,2,4,4,8,2,2,564,N/A,N/A,UP,1
2,16,2,8,4,64,16,2,32,16,4,4,4,0,4,2,584,N/A,N/A,DOWN,1
2,0,2,8,4,16,2,2,32,64,16,4,4,16,8,2,592,N/A,N/A,RIGHT,1
0,4,4,8,0,4,16,4,32,64,16,4,4,16,8,2,600,N/A,N/A,DOWN,1
0,0,2,0,0,8,4,0,32,64,32,16,4,16,8,2,664,N/A,N/A,UP,1
32,8,2,16,4,64,4,2,0,16,32,0,2,0,8,0,664,N/A,N/A,LEFT,1
32,8,2,16,4,64,4,2,16,32,0,2,2,8,0,0,664,N/A,N/A,LEFT,1
32,8,2,16,4,64,4,2,16,32,2,2,2,8,0,0,664,N/A,N/A,UP,1
32,8,2,16,4,64,4,4,16,32,2,2,2,8,0,0,668,N/A,N/A,LEFT,1
32,8,2,16,4,64,8,0,16,32,4,0,2,8,0,2,680,N/A,N/A,RIGHT,1
32,8,2,16,4,4,64,8,0,16,32,4,0,2,8,2,680,N/A,N/A,LEFT,1
32,8,2,16,8,64,8,0,16,32,4,0,2,8,2,4,688,N/A,N/A,UP,1
32,8,2,16,8,64,8,4,16,32,4,2,2,8,2,0,688,N/A,N/A,DOWN,1
32,8,2,2,8,64,8,16,16,32,4,4,2,8,2,2,688,N/A,N/A,LEFT,1
32,8,4,0,8,64,8,16,16,32,8,2,2,8,4,0,704,N/A,N/A,DOWN,1
32,8,2,0,8,64,4,0,16,32,16,16,2,8,4,2,720,N/A,N/A,RIGHT,1
0,32,8,2,0,8,64,4,0,4,16,64,2,8,4,2,816,N/A,N/A,LEFT,1
32,8,2,4,8,64,4,0,4,16,64,0,2,8,4,2,816,N/A,N/A,RIGHT,1
32,8,2,4,0,8,64,4,2,4,16,64,2,8,4,2,816,N/A,N/A,DOWN,1
0,0,2,2,0,16,64,8,32,4,16,64,4,8,4,2,844,N/A,N/A,LEFT,1
4,0,0,2,16,64,8,0,32,4,16,64,4,8,4,2,848,N/A,N/A,DOWN,1
4,0,2,0,16,64,8,2,32,4,16,64,4,8,4,2,848,N/A,N/A,UP,1
4,64,2,2,16,4,8,64,32,8,16,2,4,0,4,2,848,N/A,N/A,LEFT,1
4,64,4,0,16,4,8,64,32,8,16,2,8,2,2,0,860,N/A,N/A,DOWN,1
4,64,4,0,16,4,8,2,32,8,16,64,8,2,2,2,860,N/A,N/A,UP,1
4,64,4,2,16,4,8,64,32,8,16,2,8,2,2,4,860,N/A,N/A,RIGHT,1
4,64,4,2,16,4,8,64,32,8,16,2,2,8,4,4,864,N/A,N/A,UP,1
4,64,4,2,16,4,8,64,32,16,16,2,2,2,4,4,880,N/A,N/A,RIGHT,1
4,64,4,2,16,4,8,64,0,0,64,2,2,0,4,8,988,N/A,N/A,DOWN,1
0,0,4,2,4,2,8,64,16,64,64,2,2,4,4,8,988,N/A,N/A,UP,1
4,2,4,2,16,64,8,64,2,4,64,2,0,2,4,8,988,N/A,N/A,LEFT,1
4,2,4,2,16,64,8,64,2,4,64,2,2,4,8,2,988,N/A,N/A,DOWN,1
0,2,4,0,4,2,8,2,16,64,64,64,4,8,8,4,1004,N/A,N/A,RIGHT,1
0,2,2,4,4,2,8,2,0,16,64,128,0,4,16,4,1148,N/A,N/A,UP,1
4,4,2,4,0,16,8,2,2,4,64,128,0,0,16,4,1152,N/A,N/A,LEFT,1
8,2,4,0,16,8,2,0,2,4,64,128,16,4,0,2,1160,N/A,N/A,UP,1
8,2,4,128,16,8,2,2,2,8,64,0,16,2,0,0,1168,N/A,N/A,UP,1
8,2,4,128,16,16,2,2,2,2,64,0,16,2,0,0,1184,N/A,N/A,DOWN,1
8,0,0,2,16,2,4,0,2,16,2,128,16,4,64,2,1188,N/A,N/A,UP,1
8,2,4,2,16,16,2,128,2,4,64,2,16,2,0,0,1188,N/A,N/A,DOWN,1
8,2,0,2,16,16,4,2,2,4,2,128,16,2,64,2,1188,N/A,N/A,RIGHT,1
0,0,8,4,2,32,4,2,2,4,2,128,16,2,64,2,1224,N/A,N/A,LEFT,1
8,4,0,2,2,32,4,2,2,4,2,128,16,2,64,2,1224,N/A,N/A,LEFT,1
8,4,2,2,2,32,4,2,2,4,2,128,16,2,64,2,1224,N/A,N/A,RIGHT,1
0,0,2,16,2,32,4,2,2,4,2,128,16,2,64,2,1252,N/A,N/A,DOWN,1
2,0,2,16,0,32,4,2,4,4,2,128,16,2,64,2,1256,N/A,N/A,UP,1
2,32,2,16,4,4,4,2,16,2,2,128,0,4,64,2,1256,N/A,N/A,RIGHT,1
2,32,2,16,0,4,8,2,2,16,4,128,0,4,64,2,1268,N/A,N/A,DOWN,1
4,32,2,16,0,4,8,2,0,16,4,128,4,4,64,2,1272,N/A,N/A,DOWN,1
2,32,2,16,0,4,8,2,0,16,4,128,8,4,64,2,1280,N/A,N/A,DOWN,1
2,32,2,16,0,4,8,2,2,16,4,128,8,4,64,2,1280,N/A,N/A,UP,1
4,32,2,16,8,4,8,2,2,16,4,128,0,4,64,2,1284,N/A,N/A,DOWN,1
2,32,2,16,4,4,8,2,8,16,4,128,2,4,64,2,1284,N/A,N/A,LEFT,1
2,32,2,16,16,2,0,2,8,16,4,128,2,4,64,2,1308,N/A,N/A,DOWN,1
2,32,2,16,16,2,2,2,8,16,4,128,2,4,64,2,1308,N/A,N/A,UP,1
2,32,8,16,16,2,64,2,8,16,2,128,2,4,0,2,1320,N/A,N/A,RIGHT,1
2,32,8,16,16,2,64,2,8,16,2,128,2,2,4,2,1320,N/A,N/A,LEFT,1
2,32,8,16,16,2,64,2,8,16,2,128,8,2,2,0,1332,N/A,N/A,UP,1
2,32,8,16,16,2,64,2,16,16,4,128,0,2,0,4,1352,N/A,N/A,RIGHT,1
2,32,8,16,16,2,64,2,0,32,4,128,2,0,2,4,1384,N/A,N/A,RIGHT,1
2,32,8,16,16,2,64,2,0,32,4,128,2,0,4,4,1388,N/A,N/A,LEFT,1
2,32,8,16,16,2,64,2,32,4,128,0,2,8,2,0,1396,N/A,N/A,RIGHT,1
2,32,8,16,16,2,64,2,0,32,4,128,2,2,8,2,1396,N/A,N/A,UP,1
2,32,8,16,16,2,64,2,2,32,4,128,2,2,8,2,1396,N/A,N/A,UP,1
2,32,8,16,16,2,64,2,4,32,4,128,2,2,8,2,1400,N/A,N/A,LEFT,1
2,32,8,16,16,2,64,2,4,32,4,128,4,8,2,2,1404,N/A,N/A,UP,1
2,32,8,16,16,2,64,2,8,32,4,128,2,8,2,2,1412,N/A,N/A,LEFT,1
2,32,8,16,16,2,64,2,8,32,4,128,2,8,4,2,1416,N/A,N/A,DOWN,1
2,32,2,16,16,2,8,2,8,32,64,128,2,8,8,2,1424,N/A,N/A,RIGHT,1
2,32,2,16,16,2,8,2,8,32,64,128,2,2,16,2,1440,N/A,N/A,LEFT,1
2,32,2,16,16,2,8,2,8,32,64,128,4,16,2,2,1444,N/A,N/A,RIGHT,1
0,0,0,0,2,0,0,4,0,0,0,0,0,0,0,2,0,N/A,N/A,DOWN,2
2,0,0,0,0,0,0,0,0,0,0,4,2,0,0,2,0,N/A,N/A,UP,2
4,0,0,4,2,0,0,2,0,0,0,0,0,0,0,0,4,N/A,N/A,DOWN,2
0,0,0,0,0,0,0,0,4,0,4,4,2,0,0,2,4,N/A,N/A,DOWN,2
0,0,0,0,0,0,0,0,4,0,2,4,2,0,4,2,4,N/A,N/A,LEFT,2
0,2,0,0,0,0,0,0,4,2,4,0,2,4,2,0,4,N/A,N/A,RIGHT,2
0,0,0,2,0,0,0,0,2,4,2,4,0,2,4,2,4,N/A,N/A,UP,2
2,4,2,2,0,2,4,4,0,0,0,2,0,0,4,0,4,N/A,N/A,UP,2
2,4,2,2,0,2,8,4,0,2,0,2,0,0,0,0,12,N/A,N/A,LEFT,2
2,4,4,0,2,8,4,0,4,2,0,0,0,0,0,0,20,N/A,N/A,RIGHT,2
2,0,2,8,0,2,8,4,0,0,4,2,0,0,0,0,28,N/A,N/A,UP,2
2,2,2,8,0,0,8,4,0,2,4,2,0,0,0,0,28,N/A,N/A,RIGHT,2
0,2,4,8,0,0,8,4,0,2,4,2,4,0,0,0,32,N/A,N/A,UP,2
4,4,4,8,0,0,8,4,2,0,4,2,0,0,0,0,36,N/A,N/A,RIGHT,2
0,4,8,8,0,0,8,4,2,2,4,2,0,0,0,0,44,N/A,N/A,RIGHT,2
0,0,4,16,0,0,8,4,0,4,4,2,0,0,2,0,64,N/A,N/A,RIGHT,2
0,0,4,16,0,0,8,4,0,2,8,2,0,0,0,2,72,N/A,N/A,DOWN,2
0,0,0,0,0,2,0,0,0,0,4,16,0,2,16,8,100,N/A,N/A,DOWN,2
0,0,2,0,0,0,0,0,0,0,4,16,0,4,16,8,104,N/A,N/A,RIGHT,2
2,0,0,2,0,0,0,0,0,0,4,16,0,4,16,8,104,N/A,N/A,UP,2
2,4,4,2,0,0,16,16,0,0,0,8,0,0,0,2,104,N/A,N/A,DOWN,2
0,2,0,2,0,0,0,16,0,0,4,8,2,4,16,2,104,N/A,N/A,DOWN,2
0,0,2,2,0,0,0,16,0,2,4,8,2,4,16,2,104,N/A,N/A,UP,2
2,2,2,2,0,4,4,16,0,2,16,8,0,0,0,2,104,N/A,N/A,RIGHT,2
0,0,4,4,2,0,8,16,0,2,16,8,0,0,0,2,120,N/A,N/A,UP,2
2,2,4,4,4,0,8,16,0,0,16,8,0,0,0,2,120,N/A,N/A,DOWN,2
0,0,0,4,0,0,4,16,2,2,8,8,4,2,16,2,120,N/A,N/A,UP,2
2,4,4,4,4,0,8,16,0,0,16,8,0,2,0,2,124,N/A,N/A,LEFT,2
2,8,4,0,4,8,16,2,16,8,0,0,4,0,0,0,136,N/A,N/A,UP,2
2,16,4,2,4,8,16,0,16,0,0,0,4,0,0,2,152,N/A,N/A,RIGHT,2
2,16,4,2,0,4,8,16,0,0,4,16,0,0,4,2,152,N/A,N/A,UP,2
2,16,4,2,0,4,8,32,0,2,8,2,0,0,0,0,192,N/A,N/A,UP,2
2,16,4,2,0,4,16,32,0,2,0,2,0,0,2,0,208,N/A,N/A,RIGHT,2
2,16,4,2,2,4,16,32,0,0,0,4,0,0,0,2,212,N/A,N/A,DOWN,2
0,0,2,2,0,0,0,32,0,16,4,4,4,4,16,2,216,N/A,N/A,UP,2
4,16,2,2,0,4,4,32,0,0,16,4,0,2,0,2,216,N/A,N/A,DOWN,2
0,0,0,2,0,16,2,32,2,4,4,4,4,2,16,2,216,N/A,N/A,LEFT,2
2,2,0,0,16,2,32,0,2,8,4,0,4,2,16,2,224,N/A,N/A,LEFT,2
4,0,4,0,16,2,32,0,2,8,4,0,4,2,16,2,228,N/A,N/A,UP,2
4,2,4,2,16,8,32,2,2,2,4,0,4,0,16,0,228,N/A,N/A,LEFT,2
4,2,4,2,16,8,32,2,8,0,2,0,4,16,0,0,240,N/A,N/A,DOWN,2
4,0,0,0,16,2,4,2,8,8,32,0,4,16,2,4,244,N/A,N/A,LEFT,2
4,0,2,0,16,2,4,2,16,32,0,0,4,16,2,4,260,N/A,N/A,LEFT,2
4,2,0,0,16,2,4,2,16,32,2,0,4,16,2,4,260,N/A,N/A,UP,2
4,4,4,2,32,32,4,4,4,16,0,0,0,0,4,0,300,N/A,N/A,LEFT,2
8,4,2,0,64,8,0,0,4,16,0,2,4,0,0,0,380,N/A,N/A,DOWN,2
2,0,0,0,8,4,0,0,64,8,0,0,8,16,2,2,388,N/A,N/A,UP,2
2,4,2,2,8,8,0,0,64,16,0,0,8,0,2,0,388,N/A,N/A,RIGHT,2
0,0,2,8,0,0,0,16,0,0,64,16,2,0,8,2,416,N/A,N/A,RIGHT,2
0,0,2,8,0,2,0,16,0,0,64,16,0,2,8,2,416,N/A,N/A,RIGHT,2
0,0,2,8,4,0,2,16,0,0,64,16,0,2,8,2,416,N/A,N/A,LEFT,2
2,8,2,0,4,2,16,0,64,16,0,0,2,8,2,0,416,N/A,N/A,UP,2
2,8,2,0,4,2,16,0,64,16,2,0,2,8,2,0,416,N/A,N/A,DOWN,2
2,8,0,0,4,2,2,0,64,16,16,0,2,8,4,4,420,N/A,N/A,UP,2
2,8,2,4,4,2,16,0,64,16,4,2,2,8,0,0,420,N/A,N/A,DOWN,2
2,8,0,0,4,2,2,2,64,16,16,4,2,8,4,2,420,N/A,N/A,LEFT,2
2,8,2,0,4,4,2,0,64,32,4,0,2,8,4,2,456,N/A,N/A,UP,2
2,8,8,2,4,4,4,4,64,32,0,0,2,8,0,0,468,N/A,N/A,RIGHT,2
0,2,16,2,0,2,8,8,0,0,64,32,0,0,2,8,500,N/A,N/A,RIGHT,2
2,2,16,2,0,0,2,16,0,0,64,32,0,0,2,8,516,N/A,N/A,LEFT,2
4,16,2,0,2,16,0,0,64,32,0,0,2,8,2,0,520,N/A,N/A,UP,2
4,64,4,0,2,8,0,0,64,0,0,0,2,0,2,0,620,N/A,N/A,UP,2
4,64,4,0,2,8,2,0,64,0,0,0,2,0,2,0,620,N/A,N/A,LEFT,2
4,64,4,0,2,8,2,0,64,0,2,0,4,0,0,0,624,N/A,N/A,LEFT,2
4,64,4,0,2,8,2,0,64,2,0,0,4,0,2,0,624,N/A,N/A,LEFT,2
4,64,4,4,2,8,2,0,64,2,0,0,4,2,0,0,624,N/A,N/A,UP,2
4,64,4,4,2,8,2,0,64,4,0,0,4,0,0,2,628,N/A,N/A,RIGHT,2
2,4,64,8,0,2,8,2,0,0,64,4,0,0,4,2,636,N/A,N/A,LEFT,2
2,4,64,8,2,8,2,0,64,4,0,2,4,2,0,0,636,N/A,N/A,LEFT,2
2,4,64,8,2,8,2,0,64,4,2,0,4,2,0,2,636,N/A,N/A,DOWN,2
2,4,0,0,4,8,0,0,64,4,64,8,4,2,4,2,644,N/A,N/A,UP,2
2,4,64,8,4,8,4,2,64,4,0,2,4,2,0,0,644,N/A,N/A,LEFT,2
2,4,64,8,4,8,4,2,64,4,2,2,4,2,0,0,644,N/A,N/A,LEFT,2
2,4,64,8,4,8,4,2,64,4,4,2,4,2,0,0,648,N/A,N/A,UP,2
2,4,64,8,4,8,8,4,64,4,0,2,4,2,0,0,660,N/A,N/A,LEFT,2
2,4,64,8,4,16,4,0,64,4,2,0,4,2,2,0,676,N/A,N/A,UP,2
2,4,64,8,4,16,4,0,64,4,4,2,4,2,0,0,680,N/A,N/A,RIGHT,2
2,4,64,8,2,4,16,4,0,64,8,2,0,0,4,2,688,N/A,N/A,LEFT,2
2,4,64,8,2,4,16,4,64,8,2,2,4,2,0,0,688,N/A,N/A,RIGHT,2
2,4,64,8,2,4,16,4,0,64,8,4,0,2,4,2,692,N/A,N/A,DOWN,2
0,0,64,0,0,8,16,2,0,64,8,16,4,2,4,2,728,N/A,N/A,RIGHT,2
0,0,2,64,0,8,16,2,0,64,8,16,4,2,4,2,728,N/A,N/A,UP,2
4,8,2,64,0,64,16,2,2,2,8,16,0,0,4,2,728,N/A,N/A,DOWN,2
2,0,2,64,0,8,16,2,4,64,8,16,2,2,4,2,728,N/A,N/A,DOWN,2
0,2,2,64,2,8,16,2,4,64,8,16,2,2,4,2,728,N/A,N/A,RIGHT,2
0,2,4,64,2,8,16,2,4,64,8,16,0,4,4,2,736,N/A,N/A,LEFT,2
2,4,64,0,2,8,16,2,4,64,8,16,8,2,0,4,744,N/A,N/A,UP,2
16,4,64,2,0,8,16,16,2,64,8,4,0,2,0,0,772,N/A,N/A,RIGHT,2
16,4,64,2,4,0,8,32,2,64,8,4,0,0,0,2,804,N/A,N/A,UP,2
16,4,64,2,4,64,16,32,2,0,0,4,0,2,0,2,820,N/A,N/A,RIGHT,2
16,4,64,2,4,64,16,32,0,0,2,4,0,2,0,4,824,N/A,N/A,RIGHT,2
16,4,64,2,4,64,16,32,0,0,2,4,0,2,2,4,824,N/A,N/A,LEFT,2
16,4,64,2,4,64,16,32,2,4,0,2,8,0,0,0,836,N/A,N/A,RIGHT,2
16,4,64,2,4,64,16,32,0,2,4,2,0,2,0,8,836,N/A,N/A,LEFT,2
16,4,64,2,4,64,16,32,2,4,2,0,2,8,2,0,836,N/A,N/A,UP,2
16,4,64,2,4,64,16,32,4,4,4,2,0,8,0,0,844,N/A,N/A,RIGHT,2
16,4,64,2,4,64,16,32,2,4,8,2,0,0,0,8,852,N/A,N/A,DOWN,2
0,0,2,2,16,4,64,32,4,64,16,2,2,4,8,8,852,N/A,N/A,RIGHT,2
0,0,0,4,16,4,64,32,4,64,16,2,2,2,4,16,872,N/A,N/A,LEFT,2
4,2,0,0,16,4,64,32,4,64,16,2,8,16,0,0,884,N/A,N/A,DOWN,2
4,2,4,0,16,4,0,0,4,64,64,32,8,16,16,2,884,N/A,N/A,UP,2
4,2,4,32,16,4,64,2,4,64,16,2,8,16,0,0,884,N/A,N/A,DOWN,2
4,2,0,2,16,4,4,0,4,64,64,32,8,16,16,4,888,N/A,N/A,UP,2
4,2,4,2,16,4,64,32,4,64,16,4,8,16,0,2,888,N/A,N/A,LEFT,2
4,2,4,2,16,4,64,32,4,64,16,4,8,16,2,2,888,N/A,N/A,RIGHT,2
4,2,4,2,16,4,64,32,4,64,16,4,2,8,16,4,892,N/A,N/A,DOWN,2
4,2,0,2,16,4,4,2,4,64,64,32,2,8,32,8,932,N/A,N/A,UP,2
4,2,4,4,16,4,64,32,4,64,32,8,2,8,2,0,936,N/A,N/A,RIGHT,2
2,4,2,8,16,4,64,32,4,64,32,8,0,2,8,2,944,N/A,N/A,DOWN,2
2,0,2,8,2,8,64,32,16,64,32,8,4,2,8,2,952,N/A,N/A,LEFT,2
4,8,2,0,2,8,64,32,16,64,32,8,4,2,8,2,956,N/A,N/A,DOWN,2
4,0,2,2,2,16,64,32,16,64,32,8,4,2,8,2,972,N/A,N/A,LEFT,2
4,4,2,0,2,16,64,32,16,64,32,8,4,2,8,2,976,N/A,N/A,RIGHT,2
0,2,8,2,2,16,64,32,16,64,32,8,4,2,8,2,984,N/A,N/A,LEFT,2
2,8,2,2,2,16,64,32,16,64,32,8,4,2,8,2,984,N/A,N/A,LEFT,2
2,8,4,2,2,16,64,32,16,64,32,8,4,2,8,2,988,N/A,N/A,DOWN,2
0,0,0,0,2,0,2,0,2,0,0,0,0,0,0,0,0,N/A,N/A,DOWN,3
0,0,0,0,0,0,0,0,0,0,0,2,4,0,2,0,4,N/A,N/A,LEFT,3
0,0,0,0,0,0,0,0,2,2,0,0,4,2,0,0,4,N/A,N/A,LEFT,3
4,0,0,0,0,0,0,0,4,0,0,0,4,2,0,0,8,N/A,N/A,UP,3
8,2,0,0,4,0,0,0,0,0,2,0,0,0,0,0,16,N/A,N/A,LEFT,3
8,2,0,0,4,0,0,0,2,0,0,0,2,0,0,0,16,N/A,N/A,DOWN,3
0,0,0,2,0,0,0,0,0,0,0,0,16,2,0,0,44,N/A,N/A,LEFT,3
2,0,0,0,0,0,0,0,0,0,2,0,16,2,0,0,44,N/A,N/A,UP,3
2,2,2,0,16,0,0,0,0,0,0,0,0,0,0,2,44,N/A,N/A,RIGHT,3
2,0,2,4,0,0,0,16,0,0,0,0,0,0,0,2,48,N/A,N/A,LEFT,3
8,0,4,0,16,0,0,0,0,0,0,0,2,0,0,0,60,N/A,N/A,RIGHT,3
0,0,8,4,0,0,0,16,2,0,0,0,0,0,0,2,60,N/A,N/A,RIGHT,3
0,0,8,4,0,0,0,16,0,0,0,2,2,0,0,2,60,N/A,N/A,RIGHT,3
0,0,8,4,0,0,0,16,2,0,0,2,0,0,0,4,64,N/A,N/A,LEFT,3
8,4,0,0,16,0,0,0,4,0,0,0,4,2,0,0,68,N/A,N/A,DOWN,3
2,0,0,0,8,0,0,0,16,4,0,0,8,2,0,0,76,N/A,N/A,UP,3
2,4,2,0,8,2,0,0,16,0,0,0,8,0,0,0,76,N/A,N/A,RIGHT,3
0,2,4,2,0,0,8,2,0,0,0,16,0,2,0,8,76,N/A,N/A,LEFT,3
2,4,2,0,8,2,0,0,16,0,0,0,2,8,2,0,76,N/A,N/A,RIGHT,3
0,2,4,2,2,0,8,2,0,0,0,16,0,2,8,2,76,N/A,N/A,LEFT,3
2,4,2,0,2,8,2,0,16,0,2,0,2,8,2,0,76,N/A,N/A,LEFT,3
2,4,2,0,2,8,2,0,16,2,2,0,2,8,2,0,76,N/A,N/A,DOWN,3
2,4,0,0,4,8,0,0,16,2,4,0,2,8,4,0,88,N/A,N/A,UP,3
2,4,8,2,4,8,0,0,16,2,0,0,2,8,0,0,96,N/A,N/A,RIGHT,3
2,4,8,2,0,0,4,8,0,2,16,2,0,0,2,8,96,N/A,N/A,LEFT,3
2,4,8,2,4,8,2,0,2,16,2,0,2,8,0,0,96,N/A,N/A,UP,3
2,4,8,2,4,8,4,0,4,16,0,2,0,8,0,0,104,N/A,N/A,LEFT,3
2,4,8,2,4,8,4,0,4,16,2,2,8,0,0,0,104,N/A,N/A,DOWN,3
0,0,0,0,2,4,8,2,8,8,4,0,8,16,2,4,116,N/A,N/A,DOWN,3
0,0,0,2,0,4,8,0,2,8,4,2,16,16,2,4,132,N/A,N/A,DOWN,3
4,0,0,0,0,4,8,0,2,8,4,4,16,16,2,4,136,N/A,N/A,DOWN,3
0,2,0,0,4,4,8,0,2,8,4,0,16,16,2,8,144,N/A,N/A,UP,3
4,2,8,8,2,4,4,0,16,8,2,0,2,16,0,0,144,N/A,N/A,DOWN,3
4,2,0,0,2,4,8,0,16,8,4,4,2,16,2,8,144,N/A,N/A,UP,3
4,2,8,4,2,4,4,8,16,8,2,0,2,16,2,0,144,N/A,N/A,UP,3
4,2,8,4,2,4,4,8,16,8,4,2,2,16,0,0,148,N/A,N/A,LEFT,3
4,2,8,4,2,16,0,0,16,8,4,2,2,16,2,0,172,N/A,N/A,RIGHT,3
4,2,8,4,0,0,2,16,16,8,4,2,4,2,16,2,172,N/A,N/A,DOWN,3
0,2,8,0,4,2,2,4,16,8,4,16,4,2,16,4,176,N/A,N/A,LEFT,3
2,8,0,0,4,8,0,2,16,8,4,16,4,2,16,4,188,N/A,N/A,UP,3
2,16,4,2,4,8,16,16,16,2,0,4,4,2,0,0,204,N/A,N/A,DOWN,3
2,0,2,0,4,16,0,2,16,8,4,16,4,4,16,4,208,N/A,N/A,RIGHT,3
2,0,0,4,0,4,16,2,16,8,4,16,0,8,16,4,220,N/A,N/A,UP,3
2,4,16,4,16,16,4,2,2,0,16,16,0,0,0,4,236,N/A,N/A,RIGHT,3
2,4,16,4,0,32,4,2,2,0,2,32,0,0,0,4,300,N/A,N/A,UP,3
4,4,16,4,0,32,4,2,2,0,2,32,0,0,0,4,304,N/A,N/A,UP,3
4,4,16,4,2,32,4,2,2,0,2,32,0,0,0,4,304,N/A,N/A,DOWN,3
0,0,0,4,0,4,16,2,0,4,4,32,8,32,2,4,316,N/A,N/A,UP,3
8,8,16,4,0,32,4,2,2,0,2,32,0,0,0,4,324,N/A,N/A,DOWN,3
2,0,0,4,0,0,16,2,8,8,4,32,2,32,2,4,324,N/A,N/A,UP,3
2,8,16,4,8,32,4,2,2,0,2,32,0,0,2,4,324,N/A,N/A,LEFT,3
2,8,16,4,8,32,4,2,4,32,2,0,2,4,0,0,328,N/A,N/A,RIGHT,3
2,8,16,4,8,32,4,2,0,4,32,2,2,0,2,4,328,N/A,N/A,UP,3
2,8,16,4,8,32,4,8,2,4,32,0,0,2,2,0,340,N/A,N/A,RIGHT,3
2,8,16,4,8,32,4,8,2,2,4,32,0,0,0,4,344,N/A,N/A,DOWN,3
0,2,0,4,2,8,0,8,8,32,16,32,2,2,8,4,352,N/A,N/A,UP,3
2,2,16,4,8,8,8,8,2,32,0,32,2,2,0,4,352,N/A,N/A,LEFT,3
4,16,4,0,16,16,0,0,2,64,0,0,8,0,0,2,464,N/A,N/A,UP,3
4,32,4,2,16,64,0,2,2,0,0,0,8,0,0,0,496,N/A,N/A,UP,3
4,32,4,4,16,64,0,2,2,0,0,0,8,0,0,0,500,N/A,N/A,DOWN,3
4,0,0,0,16,0,0,4,2,32,0,4,8,64,4,2,500,N/A,N/A,DOWN,3
4,2,0,0,16,0,0,0,2,32,0,8,8,64,4,2,508,N/A,N/A,LEFT,3
4,2,0,0,16,2,0,0,2,32,8,0,8,64,4,2,508,N/A,N/A,RIGHT,3
0,2,4,2,0,0,16,2,0,2,32,8,8,64,4,2,508,N/A,N/A,LEFT,3
2,4,2,0,16,2,0,2,2,32,8,0,8,64,4,2,508,N/A,N/A,UP,3
2,4,2,4,16,2,8,0,2,32,4,0,8,64,0,2,512,N/A,N/A,LEFT,3
2,4,2,4,16,2,8,2,2,32,4,0,8,64,2,0,512,N/A,N/A,RIGHT,3
2,4,2,4,16,2,8,2,0,2,32,4,2,8,64,2,512,N/A,N/A,DOWN,3
0,2,2,4,2,0,8,2,16,8,32,4,2,8,64,2,524,N/A,N/A,DOWN,3
2,0,2,4,2,0,8,2,16,2,32,4,2,16,64,2,540,N/A,N/A,DOWN,3
0,0,2,4,4,2,8,2,16,2,32,4,2,16,64,2,544,N/A,N/A,LEFT,3
2,4,0,2,4,2,8,2,16,2,32,4,2,16,64,2,544,N/A,N/A,DOWN,3
2,2,0,0,4,0,8,4,16,8,32,4,2,16,64,2,560,N/A,N/A,RIGHT,3
0,0,2,4,0,4,8,4,16,8,32,4,2,16,64,2,564,N/A,N/A,LEFT,3
2,4,2,0,4,8,4,0,16,8,32,4,2,16,64,2,564,N/A,N/A,DOWN,3
2,0,2,4,4,4,4,0,16,16,32,4,2,16,64,2,580,N/A,N/A,UP,3
2,4,2,8,4,32,4,2,16,0,32,0,2,2,64,0,620,N/A,N/A,DOWN,3
2,0,2,0,4,4,4,2,16,32,32,8,2,2,64,2,620,N/A,N/A,LEFT,3
4,0,0,0,8,4,2,0,16,64,8,0,4,64,2,4,700,N/A,N/A,RIGHT,3
0,2,0,4,0,8,4,2,0,16,64,8,4,64,2,4,700,N/A,N/A,RIGHT,3
2,0,2,4,0,8,4,2,0,16,64,8,4,64,2,4,700,N/A,N/A,LEFT,3
8,0,0,0,8,4,2,0,16,64,8,4,4,64,2,4,712,N/A,N/A,RIGHT,3
0,2,0,8,0,8,4,2,16,64,8,4,4,64,2,4,712,N/A,N/A,UP,3
16,2,4,8,4,8,8,2,0,128,2,8,0,0,0,2,848,N/A,N/A,RIGHT,3
16,2,4,8,0,4,16,2,0,128,2,8,0,2,0,2,864,N/A,N/A,LEFT,3
16,2,4,8,4,16,2,0,128,2,8,0,4,2,0,0,868,N/A,N/A,RIGHT,3
16,2,4,8,0,4,16,2,0,128,2,8,0,2,4,2,868,N/A,N/A,DOWN,3
0,2,4,8,2,4,16,2,0,128,2,8,16,2,4,2,868,N/A,N/A,LEFT,3
2,4,8,0,2,4,16,2,128,2,8,2,16,2,4,2,868,N/A,N/A,DOWN,3
2,0,8,0,4,0,16,0,128,4,8,2,16,8,4,4,888,N/A,N/A,RIGHT,3
0,0,2,8,2,0,4,16,128,4,8,2,0,0,0,32,944,N/A,N/A,RIGHT,3
2,0,2,8,0,2,4,16,128,4,8,2,0,0,0,32,944,N/A,N/A,LEFT,3
4,8,0,0,2,4,16,0,128,4,8,2,32,0,0,2,948,N/A,N/A,RIGHT,3
0,0,4,8,4,2,4,16,128,4,8,2,0,0,32,2,948,N/A,N/A,UP,3
4,2,16,8,128,4,32,16,2,0,0,4,0,0,0,0,976,N/A,N/A,RIGHT,3
4,2,16,8,128,4,32,16,0,0,2,4,0,0,2,0,976,N/A,N/A,UP,3
4,2,16,8,128,4,32,16,0,2,4,4,0,0,0,0,980,N/A,N/A,LEFT,3
4,2,16,8,128,4,32,16,2,8,0,0,0,2,0,0,988,N/A,N/A,DOWN,3
0,2,0,0,4,4,2,0,128,8,16,8,2,2,32,16,988,N/A,N/A,LEFT,3
2,0,0,0,8,2,0,2,128,8,16,8,4,32,16,0,1000,N/A,N/A,RIGHT,3
0,0,0,2,0,0,8,4,128,8,16,8,2,4,32,16,1004,N/A,N/A,LEFT,3
2,0,0,2,8,4,0,0,128,8,16,8,2,4,32,16,1004,N/A,N/A,DOWN,3
2,0,0,0,8,4,2,2,128,8,16,8,2,4,32,16,1004,N/A,N/A,RIGHT,3
0,2,0,2,0,0,0,16,128,8,16,8,2,4,32,16,1032,N/A,N/A,UP,3
128,2,16,2,2,8,32,16,0,4,0,8,2,0,0,16,1032,N/A,N/A,DOWN,3
0,0,0,2,2,2,0,16,128,8,16,8,4,4,32,16,1036,N/A,N/A,LEFT,3
2,0,0,0,4,16,0,0,128,8,16,8,8,32,16,2,1048,N/A,N/A,DOWN,3
2,0,0,0,4,16,0,2,128,8,0,8,8,32,32,2,1080,N/A,N/A,RIGHT,3
0,0,0,2,2,4,16,2,0,0,128,16,0,8,64,2,1160,N/A,N/A,LEFT,3
2,0,0,0,2,4,16,2,128,16,0,2,8,64,2,0,1160,N/A,N/A,UP,3
4,4,16,4,128,16,2,0,8,64,0,0,0,0,2,0,1168,N/A,N/A,LEFT,3
8,16,4,0,128,16,2,0,8,64,0,0,2,0,0,2,1176,N/A,N/A,UP,3
8,32,4,2,128,64,2,0,8,0,0,0,2,2,0,0,1208,N/A,N/A,LEFT,3
8,32,4,2,128,64,2,0,8,0,0,0,4,0,0,2,1212,N/A,N/A,RIGHT,3
8,32,4,2,4,128,64,2,0,0,0,8,0,0,4,2,1212,N/A,N/A,DOWN,3
0,0,0,2,0,0,4,4,8,32,64,8,4,128,4,2,1216,N/A,N/A,UP,3
8,32,4,2,4,128,64,4,0,0,4,8,0,2,0,2,1216,N/A,N/A,RIGHT,3
8,32,4,2,4,128,64,4,0,0,4,8,0,2,0,4,1220,N/A,N/A,DOWN,3
4,0,0,2,0,32,4,4,8,128,64,8,4,2,4,4,1220,N/A,N/A,LEFT,3
4,2,0,0,32,8,0,0,8,128,64,8,4,2,8,2,1236,N/A,N/A,RIGHT,3
0,0,4,2,0,2,32,8,8,128,64,8,4,2,8,2,1236,N/A,N/A,UP,3
8,2,4,2,4,128,32,16,2,2,64,2,0,0,8,0,1252,N/A,N/A,RIGHT,3
8,2,4,2,4,128,32,16,0,4,64,2,0,0,2,8,1256,N/A,N/A,LEFT,3
8,2,4,2,4,128,32,16,4,64,2,0,2,8,2,0,1256,N/A,N/A,RIGHT,3
8,2,4,2,4,128,32,16,2,4,64,2,0,2,8,2,1256,N/A,N/A,DOWN,3
0,2,4,2,8,128,32,2,4,4,64,16,2,2,8,4,1260,N/A,N/A,RIGHT,3
0,2,4,2,8,128,32,2,2,8,64,16,0,4,8,4,1272,N/A,N/A,UP,3
8,2,4,4,2,128,32,16,2,8,64,4,0,4,8,0,1276,N/A,N/A,LEFT,3
8,2,8,2,2,128,32,16,2,8,64,4,4,8,0,0,1284,N/A,N/A,UP,3
8,2,8,2,8,128,32,16,2,16,64,4,0,0,0,0,1312,N/A,N/A,UP,3
16,2,8,2,2,128,32,16,0,16,64,4,2,0,0,0,1328,N/A,N/A,RIGHT,3
16,2,8,2,2,128,32,16,0,16,64,4,0,2,0,2,1328,N/A,N/A,DOWN,3
0,2,0,2,2,128,8,16,16,16,32,4,2,2,64,2,1328,N/A,N/A,UP,3
2,2,8,2,16,128,32,16,2,16,64,4,0,2,2,2,1328,N/A,N/A,LEFT,3
4,8,2,0,16,128,32,16,2,16,64,4,4,2,2,0,1336,N/A,N/A,RIGHT,3
0,4,8,2,16,128,32,16,2,16,64,4,0,0,4,8,1348,N/A,N/A,UP,3
16,4,8,2,2,128,32,16,2,16,64,4,0,0,4,8,1348,N/A,N/A,UP,3
16,4,8,2,4,128,32,16,2,16,64,4,0,0,4,8,1352,N/A,N/A,DOWN,3
0,4,8,2,16,4,32,16,4,128,64,4,2,16,4,8,1352,N/A,N/A,LEFT,3
4,8,2,2,16,4,32,16,4,128,64,4,2,16,4,8,1352,N/A,N/A,LEFT,3
0,0,0,2,0,0,0,0,0,0,0,2,0,0,0,0,0,N/A,N/A,LEFT,4
2,2,0,0,0,0,0,0,2,0,0,0,0,0,0,0,0,N/A,N/A,LEFT,4
4,0,0,0,0,0,0,0,2,0,2,0,0,0,0,0,4,N/A,N/A,LEFT,4
4,0,0,0,0,0,0,0,4,0,0,0,0,0,2,0,8,N/A,N/A,DOWN,4
0,0,0,0,0,0,0,2,0,0,0,0,8,0,2,0,16,N/A,N/A,UP,4
8,0,2,2,0,0,0,0,0,0,0,0,2,0,0,0,16,N/A,N/A,UP,4
8,0,2,2,2,0,0,0,0,0,0,2,0,0,0,0,16,N/A,N/A,DOWN,4
0,0,0,0,0,0,0,0,8,0,4,0,2,0,2,4,20,N/A,N/A,LEFT,4
0,0,0,0,0,0,0,4,8,4,0,0,8,0,0,0,32,N/A,N/A,UP,4
16,4,0,4,0,0,0,0,0,0,0,2,0,0,0,0,48,N/A,N/A,RIGHT,4
0,0,16,8,0,0,0,2,0,0,0,2,0,0,0,0,56,N/A,N/A,LEFT,4
16,8,0,0,2,0,0,0,2,0,0,0,0,2,0,0,56,N/A,N/A,RIGHT,4
0,0,16,8,0,0,0,2,2,0,0,2,0,0,0,2,56,N/A,N/A,RIGHT,4
0,2,16,8,0,0,0,2,0,0,0,4,0,0,0,2,60,N/A,N/A,LEFT,4
2,16,8,0,2,0,0,0,4,2,0,0,2,0,0,0,60,N/A,N/A,DOWN,4
2,0,0,0,4,0,0,0,4,16,0,0,2,2,8,0,64,N/A,N/A,UP,4
2,16,8,0,8,2,0,0,2,0,0,2,0,0,0,0,72,N/A,N/A,RIGHT,4
0,2,16,8,0,0,8,2,0,0,0,4,0,0,2,0,76,N/A,N/A,RIGHT,4
0,2,16,8,0,0,8,2,2,0,0,4,0,0,0,2,76,N/A,N/A,DOWN,4
2,0,0,8,0,0,0,2,0,0,16,4,2,2,8,2,76,N/A,N/A,DOWN,4
0,0,0,8,0,0,0,2,0,2,16,4,4,2,8,2,80,N/A,N/A,LEFT,4
8,0,0,0,2,0,2,0,2,16,4,0,4,2,8,2,80,N/A,N/A,DOWN,4
0,0,0,2,8,0,2,0,4,16,4,0,4,2,8,2,84,N/A,N/A,LEFT,4
2,0,0,0,8,2,0,0,4,16,4,2,4,2,8,2,84,N/A,N/A,DOWN,4
0,0,0,0,0,2,0,0,2,16,4,2,16,2,8,4,112,N/A,N/A,UP,4
2,2,4,2,16,16,8,4,0,2,0,0,0,0,4,0,112,N/A,N/A,DOWN,4
0,0,2,0,0,2,4,0,2,16,8,2,16,2,4,4,112,N/A,N/A,RIGHT,4
0,2,0,2,0,0,2,4,2,16,8,2,0,16,2,8,120,N/A,N/A,DOWN,4
0,0,0,2,2,0,2,4,0,2,8,2,2,32,2,8,152,N/A,N/A,LEFT,4
2,0,2,0,8,0,0,0,2,8,2,0,2,32,2,8,164,N/A,N/A,RIGHT,4
0,2,0,4,0,0,0,8,0,2,8,2,2,32,2,8,168,N/A,N/A,RIGHT,4
0,0,2,4,0,0,0,8,2,2,8,2,2,32,2,8,168,N/A,N/A,LEFT,4
2,4,0,0,8,0,2,0,4,8,2,0,2,32,2,8,172,N/A,N/A,LEFT,4
2,4,0,0,8,2,0,2,4,8,2,0,2,32,2,8,172,N/A,N/A,UP,4
2,4,4,2,8,2,0,8,4,8,0,0,2,32,2,0,176,N/A,N/A,UP,4
2,4,4,2,8,2,2,8,4,8,0,0,2,32,2,0,176,N/A,N/A,RIGHT,4
0,2,8,2,0,8,4,8,2,0,4,8,0,2,32,2,188,N/A,N/A,RIGHT,4
2,2,8,2,0,8,4,8,0,2,4,8,0,2,32,2,188,N/A,N/A,LEFT,4
4,8,2,2,8,4,8,0,2,4,8,0,2,32,2,0,192,N/A,N/A,LEFT,4
4,8,4,2,8,4,8,0,2,4,8,0,2,32,2,0,196,N/A,N/A,DOWN,4
0,0,0,2,4,0,4,0,8,16,16,0,4,32,2,2,240,N/A,N/A,RIGHT,4
0,2,0,2,0,0,0,8,0,0,8,32,0,4,32,4,284,N/A,N/A,RIGHT,4
0,0,0,4,0,2,0,8,0,0,8,32,0,4,32,4,288,N/A,N/A,RIGHT,4
0,0,0,4,0,0,2,8,0,0,8,32,2,4,32,4,288,N/A,N/A,LEFT,4
4,0,0,0,2,8,0,0,8,32,0,2,2,4,32,4,288,N/A,N/A,RIGHT,4
0,0,2,4,0,0,2,8,0,8,32,2,2,4,32,4,288,N/A,N/A,DOWN,4
0,2,0,4,0,0,0,8,0,8,4,2,2,4,64,4,356,N/A,N/A,UP,4
2,2,4,4,0,8,64,8,0,4,0,2,2,0,0,4,356,N/A,N/A,RIGHT,4
0,0,4,8,4,8,64,8,0,0,4,2,0,0,2,4,368,N/A,N/A,UP,4
4,8,4,16,0,0,64,2,2,0,4,4,0,0,2,0,384,N/A,N/A,RIGHT,4
4,8,4,16,0,0,64,2,0,0,2,8,2,0,0,2,392,N/A,N/A,UP,4
4,8,4,16,2,0,64,2,0,0,2,8,0,2,0,2,392,N/A,N/A,LEFT,4
4,8,4,16,2,64,2,0,2,8,0,0,4,0,0,4,396,N/A,N/A,LEFT,4
4,8,4,16,2,64,2,0,2,8,0,0,8,0,2,0,404,N/A,N/A,LEFT,4
4,8,4,16,2,64,2,0,2,8,0,2,8,2,0,0,404,N/A,N/A,UP,4
4,8,4,16,4,64,2,2,8,8,0,2,0,2,0,0,408,N/A,N/A,LEFT,4
4,8,4,16,4,64,4,0,16,2,0,0,2,0,2,0,428,N/A,N/A,UP,4
8,8,8,16,16,64,2,0,2,2,0,0,4,0,0,0,444,N/A,N/A,LEFT,4
16,8,16,0,16,64,2,0,4,0,4,0,4,0,0,0,464,N/A,N/A,DOWN,4
0,0,2,0,0,0,16,0,32,8,2,0,8,64,4,0,504,N/A,N/A,LEFT,4
2,0,0,0,16,0,2,0,32,8,2,0,8,64,4,0,504,N/A,N/A,UP,4
2,8,8,2,16,64,0,0,32,0,0,0,8,0,0,0,516,N/A,N/A,LEFT,4
2,16,2,0,16,64,0,0,32,0,0,2,8,0,0,0,532,N/A,N/A,LEFT,4
2,16,2,0,16,64,0,2,32,2,0,0,8,0,0,0,532,N/A,N/A,DOWN,4
2,0,0,0,16,16,2,0,32,64,0,0,8,2,2,2,532,N/A,N/A,RIGHT,4
0,0,0,2,0,2,32,2,0,0,32,64,0,8,2,4,568,N/A,N/A,DOWN,4
0,0,0,0,2,0,0,4,0,2,64,64,0,8,2,4,636,N/A,N/A,RIGHT,4
0,2,0,0,0,0,2,4,0,0,2,128,0,8,2,4,764,N/A,N/A,DOWN,4
0,0,0,0,0,0,0,4,2,2,2,128,0,8,4,4,768,N/A,N/A,UP,4
2,2,2,4,2,8,4,128,0,0,0,4,0,0,0,0,768,N/A,N/A,LEFT,4
4,2,4,0,2,8,4,128,4,0,0,0,0,0,0,4,772,N/A,N/A,UP,4
4,2,8,128,2,8,0,4,4,0,0,0,2,0,0,0,780,N/A,N/A,LEFT,4
4,2,8,128,2,8,4,0,4,0,0,0,2,0,2,0,780,N/A,N/A,RIGHT,4
4,2,8,128,0,2,8,4,0,2,0,4,0,0,0,4,784,N/A,N/A,LEFT,4
4,2,8,128,2,8,4,0,2,4,0,0,4,0,2,0,784,N/A,N/A,UP,4
4,2,8,128,8,8,4,0,0,4,2,0,2,0,0,0,796,N/A,N/A,LEFT,4
4,2,8,128,16,4,0,0,4,2,2,0,2,0,0,0,812,N/A,N/A,RIGHT,4
4,2,8,128,0,0,16,4,0,2,0,8,0,0,0,2,824,N/A,N/A,UP,4
4,4,8,128,0,0,16,4,0,0,2,8,0,0,0,2,828,N/A,N/A,RIGHT,4
0,8,8,128,0,0,16,4,4,0,2,8,0,0,0,2,836,N/A,N/A,UP,4
4,8,8,128,0,0,16,4,0,0,2,8,0,0,2,2,836,N/A,N/A,UP,4
4,8,8,128,0,0,16,4,0,0,4,8,2,0,0,2,840,N/A,N/A,RIGHT,4
0,4,16,128,0,0,16,4,0,4,4,8,0,0,0,4,860,N/A,N/A,UP,4
0,8,32,128,0,0,4,4,4,0,0,8,0,0,0,4,900,N/A,N/A,DOWN,4
0,0,0,128,0,0,0,4,2,0,32,8,4,8,4,4,900,N/A,N/A,LEFT,4
128,0,0,0,4,0,0,0,2,32,8,2,4,8,8,0,908,N/A,N/A,LEFT,4
128,0,2,0,4,0,0,0,2,32,8,2,4,16,0,0,924,N/A,N/A,LEFT,4
128,2,0,2,4,0,0,0,2,32,8,2,4,16,0,0,924,N/A,N/A,UP,4
128,2,8,4,4,32,0,2,2,16,0,0,4,0,0,0,928,N/A,N/A,DOWN,4
128,0,0,0,4,2,2,0,2,32,0,4,4,16,8,2,928,N/A,N/A,UP,4
128,2,2,4,4,32,8,2,2,16,2,0,4,0,0,0,928,N/A,N/A,LEFT,4
128,8,2,0,4,32,8,2,2,16,2,0,4,0,0,0,940,N/A,N/A,DOWN,4
128,2,0,0,4,8,2,0,2,32,8,0,4,16,2,2,940,N/A,N/A,LEFT,4
128,2,0,0,4,8,2,0,2,32,8,2,4,16,4,0,944,N/A,N/A,RIGHT,4
2,0,128,2,0,4,8,2,2,32,8,2,0,4,16,4,944,N/A,N/A,LEFT,4
2,128,2,0,4,8,2,0,2,32,8,2,4,16,4,2,944,N/A,N/A,DOWN,4
2,128,0,2,4,8,4,0,2,32,8,0,4,16,4,4,952,N/A,N/A,DOWN,4
2,128,2,0,4,8,4,0,2,32,8,2,4,16,4,4,952,N/A,N/A,LEFT,4
2,128,2,0,4,8,4,0,2,32,8,2,4,16,8,2,960,N/A,N/A,RIGHT,4
2,2,128,2,0,4,8,4,2,32,8,2,4,16,8,2,960,N/A,N/A,DOWN,4
0,2,0,0,4,4,128,0,4,32,8,2,4,16,16,8,992,N/A,N/A,LEFT,4
2,0,0,2,8,128,0,0,4,32,8,2,4,32,8,0,1032,N/A,N/A,UP,4
2,128,16,4,8,64,0,4,8,0,0,0,0,0,0,0,1124,N/A,N/A,DOWN,4
0,0,0,0,0,2,0,0,2,128,0,0,16,64,16,8,1148,N/A,N/A,LEFT,4
0,0,0,2,2,0,0,0,2,128,0,0,16,64,16,8,1148,N/A,N/A,DOWN,4
0,0,0,0,0,0,0,4,4,128,0,2,16,64,16,8,1152,N/A,N/A,LEFT,4
0,0,0,4,4,0,0,0,4,128,2,0,16,64,16,8,1152,N/A,N/A,DOWN,4
0,0,2,0,0,0,0,0,8,128,2,4,16,64,16,8,1160,N/A,N/A,UP,4
8,128,4,4,16,64,16,8,0,2,0,0,0,0,0,0,1164,N/A,N/A,LEFT,4
8,128,8,0,16,64,16,8,2,0,2,0,0,0,0,0,1172,N/A,N/A,LEFT,4
8,128,8,2,16,64,16,8,4,0,0,0,0,0,0,0,1176,N/A,N/A,RIGHT,4
8,128,8,2,16,64,16,8,0,0,0,4,2,0,0,0,1176,N/A,N/A,RIGHT,4
8,128,8,2,16,64,16,8,0,0,2,4,0,0,0,2,1176,N/A,N/A,DOWN,4
0,2,0,2,0,0,8,8,8,128,16,4,16,64,2,2,1176,N/A,N/A,RIGHT,4
0,0,0,4,2,0,0,16,8,128,16,4,0,16,64,4,1200,N/A,N/A,UP,4
2,128,16,4,8,16,64,16,0,0,2,8,0,0,0,0,1208,N/A,N/A,DOWN,4
0,0,2,0,0,0,16,4,2,128,64,16,8,16,2,8,1208,N/A,N/A,UP,4
2,128,2,4,8,16,16,16,0,2,64,8,0,0,2,0,1208,N/A,N/A,DOWN,4
2,0,2,0,0,128,16,4,2,16,64,16,8,2,2,8,1208,N/A,N/A,LEFT,4
4,0,0,2,128,16,4,0,2,16,64,16,8,4,8,0,1216,N/A,N/A,RIGHT,4
0,0,4,2,0,128,16,4,2,16,64,16,4,8,4,8,1216,N/A,N/A,LEFT,4
4,2,0,2,128,16,4,0,2,16,64,16,4,8,4,8,1216,N/A,N/A,LEFT,4
4,4,2,0,128,16,4,0,2,16,64,16,4,8,4,8,1220,N/A,N/A,LEFT,4
8,2,2,0,128,16,4,0,2,16,64,16,4,8,4,8,1228,N/A,N/A,LEFT,4
8,4,0,0,128,16,4,2,2,16,64,16,4,8,4,8,1232,N/A,N/A,DOWN,4
8,0,2,0,128,4,4,2,2,32,64,16,4,8,4,8,1264,N/A,N/A,LEFT,4
8,2,2,0,128,8,2,0,2,32,64,16,4,8,4,8,1272,N/A,N/A,LEFT,4
8,4,2,0,128,8,2,0,2,32,64,16,4,8,4,8,1276,N/A,N/A,UP,4
8,4,4,16,128,8,64,8,2,32,4,2,4,8,0,0,1280,N/A,N/A,DOWN,4
8,4,0,2,128,8,4,16,2,32,64,8,4,8,4,2,1280,N/A,N/A,LEFT,4
8,4,2,2,128,8,4,16,2,32,64,8,4,8,4,2,1280,N/A,N/A,RIGHT,4
2,0,0,16,128,8,4,16,2,32,64,8,4,8,4,2,1308,N/A,N/A,UP,4
2,8,4,32,128,32,64,8,2,8,4,2,4,2,0,0,1340,N/A,N/A,RIGHT,4
2,8,4,32,128,32,64,8,2,8,4,2,2,0,4,2,1340,N/A,N/A,UP,4
2,8,4,32,128,32,64,8,4,8,8,4,0,0,0,2,1356,N/A,N/A,LEFT,4
2,8,4,32,128,32,64,8,4,16,4,0,2,0,0,4,1372,N/A,N/A,RIGHT,4
2,8,4,32,128,32,64,8,2,4,16,4,0,0,2,4,1372,N/A,N/A,UP,4
2,8,4,32,128,32,64,8,2,4,16,8,0,0,2,2,1380,N/A,N/A,UP,4
2,8,4,32,128,32,64,16,2,4,16,2,2,0,2,0,1396,N/A,N/A,DOWN,4
0,0,4,2,2,8,64,32,128,32,16,16,4,4,2,2,1400,N/A,N/A,RIGHT,4
0,0,4,2,2,8,64,32,0,2,128,64,0,0,4,8,1508,N/A,N/A,LEFT,4
4,2,2,0,2,8,64,32,2,128,64,0,4,8,0,0,1508,N/A,N/A,DOWN,4
0,2,0,0,0,8,0,0,8,128,2,2,4,8,128,32,1648,N/A,N/A,RIGHT,4
0,0,0,2,0,0,0,8,2,8,128,4,4,8,128,32,1652,N/A,N/A,DOWN,4
0,0,0,2,0,2,0,8,2,0,0,4,4,16,256,32,1924,N/A,N/A,LEFT,4
2,0,0,0,2,8,2,0,2,4,0,0,4,16,256,32,1924,N/A,N/A,RIGHT,4
0,0,0,2,0,2,8,2,0,2,2,4,4,16,256,32,1924,N/A,N/A,UP,4
4,4,8,8,0,16,2,32,4,0,256,0,0,0,0,0,1940,N/A,N/A,RIGHT,4
0,0,8,16,0,16,2,32,0,0,4,256,2,0,0,0,1964,N/A,N/A,RIGHT,4
0,0,8,16,0,16,2,32,4,0,4,256,0,0,0,2,1964,N/A,N/A,LEFT,4
8,16,0,0,16,2,32,0,8,256,2,0,2,0,0,0,1972,N/A,N/A,UP,4
8,16,32,0,16,2,2,0,8,256,2,0,2,0,0,0,1972,N/A,N/A,UP,4
8,16,32,0,16,2,4,0,8,256,0,0,2,0,4,0,1976,N/A,N/A,LEFT,4
8,16,32,2,16,2,4,0,8,256,0,0,2,4,0,0,1976,N/A,N/A,DOWN,4
8,16,2,0,16,2,0,0,8,256,32,0,2,4,4,2,1976,N/A,N/A,LEFT,4
8,16,2,0,16,2,0,2,8,256,32,0,2,8,2,0,1984,N/A,N/A,DOWN,4
8,16,0,0,16,2,2,0,8,256,32,2,2,8,2,2,1984,N/A,N/A,RIGHT,4
2,0,8,16,0,0,16,4,8,256,32,2,0,2,8,4,1992,N/A,N/A,DOWN,4
0,0,8,16,2,0,16,4,2,256,32,2,8,2,8,4,1992,N/A,N/A,UP,4
4,256,8,16,8,2,16,4,0,2,32,2,0,0,8,4,1996,N/A,N/A,DOWN,4
0,0,8,16,0,2,16,4,4,256,32,2,8,4,8,4,2000,N/A,N/A,UP,4
4,2,8,16,8,256,16,4,0,4,32,2,0,2,8,4,2000,N/A,N/A,LEFT,4
4,2,8,16,8,256,16,4,4,32,2,2,2,8,4,0,2000,N/A,N/A,LEFT,4
4,2,8,16,8,256,16,4,4,32,4,2,2,8,4,0,2004,N/A,N/A,UP,4
4,2,8,16,8,256,16,4,4,32,8,2,2,8,0,2,2012,N/A,N/A,RIGHT,4
4,2,8,16,8,256,16,4,4,32,8,2,2,2,8,2,2012,N/A,N/A,RIGHT,4
4,2,8,16,8,256,16,4,4,32,8,2,2,4,8,2,2016,N/A,N/A,UP,4
4,2,8,16,8,256,16,4,4,32,16,4,2,4,0,2,2036,N/A,N/A,UP,4
4,2,8,16,8,256,32,8,4,32,2,2,2,4,0,0,2076,N/A,N/A,LEFT,4
4,2,8,16,8,256,32,8,4,32,4,0,2,4,0,2,2080,N/A,N/A,DOWN,4
4,2,0,4,8,256,8,16,4,32,32,8,2,4,4,2,2080,N/A,N/A,UP,4
4,2,8,4,8,256,32,16,4,32,4,8,2,4,2,2,2080,N/A,N/A,RIGHT,4
4,2,8,4,8,256,32,16,4,32,4,8,0,2,2,8,2092,N/A,N/A,RIGHT,4
4,2,8,4,8,256,32,16,4,32,4,8,2,0,4,8,2096,N/A,N/A,UP,4
4,2,8,4,8,256,32,16,4,32,8,16,2,2,0,0,2120,N/A,N/A,UP,4
4,2,8,4,8,256,32,32,4,32,8,2,2,2,0,0,2152,N/A,N/A,DOWN,4
4,2,0,2,8,256,8,4,4,32,32,32,2,2,8,2,2152,N/A,N/A,LEFT,4
4,4,0,0,8,256,8,4,4,64,32,2,4,8,2,0,2224,N/A,N/A,RIGHT,4
0,4,0,8,8,256,8,4,4,64,32,2,0,4,8,2,2232,N/A,N/A,LEFT,4
4,8,0,2,8,256,8,4,4,64,32,2,4,8,2,0,2232,N/A,N/A,RIGHT,4
0,4,8,2,8,256,8,4,4,64,32,2,2,4,8,2,2232,N/A,N/A,UP,4
8,4,16,2,4,256,32,4,2,64,8,4,2,4,0,0,2252,N/A,N/A,RIGHT,4
8,4,16,2,4,256,32,4,2,64,8,4,2,0,2,4,2252,N/A,N/A,LEFT,4
8,4,16,2,4,256,32,4,2,64,8,4,8,2,0,0,2264,N/A,N/A,DOWN,4
8,4,0,0,4,256,16,2,2,64,32,2,8,2,8,8,2272,N/A,N/A,LEFT,4
8,4,0,4,4,256,16,2,2,64,32,2,8,2,16,0,2288,N/A,N/A,RIGHT,4
2,0,0,16,4,256,16,2,2,64,32,2,0,8,2,16,2312,N/A,N/A,LEFT,4
2,16,0,2,4,256,16,2,2,64,32,2,8,2,16,0,2312,N/A,N/A,LEFT,4
2,16,2,0,4,256,16,2,2,64,32,2,8,2,16,2,2312,N/A,N/A,DOWN,4
2,16,2,2,4,256,16,0,2,64,32,2,8,2,16,4,2316,N/A,N/A,DOWN,4
2,16,2,0,4,256,16,2,2,64,32,4,8,2,16,4,2320,N/A,N/A,DOWN,4
2,16,2,2,4,256,16,0,2,64,32,2,8,2,16,8,2328,N/A,N/A,LEFT,4
2,16,4,2,4,256,16,0,2,64,32,2,8,2,16,8,2332,N/A,N/A,RIGHT,4
2,16,4,2,4,4,256,16,2,64,32,2,8,2,16,8,2332,N/A,N/A,LEFT,4
2,16,4,2,8,256,16,2,2,64,32,2,8,2,16,8,2340,N/A,N/A,UP,4
2,16,4,4,8,256,16,2,2,64,32,8,8,2,16,2,2344,N/A,N/A,LEFT,4
2,16,8,2,8,256,16,2,2,64,32,8,8,2,16,2,2352,N/A,N/A,UP,4
2,16,8,4,8,256,16,8,2,64,32,2,8,2,16,2,2356,N/A,N/A,UP,4
0,0,0,0,0,0,2,0,0,0,2,2,0,0,0,0,0,N/A,N/A,UP,5
0,4,4,2,0,0,0,0,0,0,0,0,0,0,0,0,4,N/A,N/A,RIGHT,5
0,0,8,2,0,0,0,0,0,2,0,0,0,0,0,0,12,N/A,N/A,LEFT,5
8,2,0,0,0,0,0,0,2,0,0,0,0,0,2,0,12,N/A,N/A,LEFT,5
8,2,0,0,0,0,0,0,2,0,0,0,2,0,0,2,12,N/A,N/A,LEFT,5
8,2,0,0,0,0,0,0,2,2,0,0,4,0,0,0,16,N/A,N/A,RIGHT,5
0,0,8,2,0,0,0,4,0,0,0,4,0,0,0,4,20,N/A,N/A,DOWN,5
0,0,0,0,0,0,0,2,2,0,0,4,0,0,8,8,28,N/A,N/A,RIGHT,5
0,0,0,0,0,2,0,2,0,0,2,4,0,0,0,16,44,N/A,N/A,UP,5
0,2,2,2,0,0,0,4,0,0,4,16,0,0,0,0,44,N/A,N/A,RIGHT,5
0,0,2,4,2,0,0,4,0,0,4,16,0,0,0,0,48,N/A,N/A,DOWN,5
0,0,2,0,0,0,0,0,0,0,2,8,2,0,4,16,56,N/A,N/A,RIGHT,5
0,0,0,2,0,0,0,2,0,0,2,8,0,2,4,16,56,N/A,N/A,LEFT,5
2,0,0,0,2,0,0,0,2,8,0,0,2,4,16,2,56,N/A,N/A,DOWN,5
0,2,0,0,0,0,0,0,4,8,0,0,4,4,16,2,64,N/A,N/A,DOWN,5
0,0,0,0,0,2,0,2,0,8,0,0,8,4,16,2,72,N/A,N/A,DOWN,5
2,0,0,0,0,2,0,0,0,8,0,0,8,4,16,4,76,N/A,N/A,UP,5
2,2,16,4,8,8,0,0,0,4,0,2,0,0,0,0,76,N/A,N/A,LEFT,5
4,16,4,0,16,2,0,0,4,2,0,0,0,0,0,0,96,N/A,N/A,RIGHT,5
0,4,16,4,0,0,16,2,0,0,4,2,0,2,0,0,96,N/A,N/A,LEFT,5
4,16,4,0,16,2,0,0,4,2,0,2,2,0,0,0,96,N/A,N/A,RIGHT,5
2,4,16,4,0,0,16,2,0,0,0,8,0,0,0,2,108,N/A,N/A,DOWN,5
0,0,0,4,0,0,0,2,0,0,2,8,2,4,32,2,140,N/A,N/A,LEFT,5
4,0,0,0,2,0,0,0,2,8,2,0,2,4,32,2,140,N/A,N/A,DOWN,5
0,0,2,0,4,0,0,0,2,8,2,0,4,4,32,2,144,N/A,N/A,LEFT,5
2,0,0,0,4,0,0,0,2,8,2,0,8,32,2,2,152,N/A,N/A,RIGHT,5
0,0,2,2,0,0,0,4,0,2,8,2,0,8,32,4,156,N/A,N/A,RIGHT,5
0,0,2,4,0,0,0,4,0,2,8,2,0,8,32,4,160,N/A,N/A,LEFT,5
2,4,0,0,4,0,0,0,2,8,2,0,8,32,4,2,160,N/A,N/A,UP,5
2,4,2,2,4,8,4,0,2,32,0,0,8,0,4,0,160,N/A,N/A,LEFT,5
2,4,4,0,4,8,4,0,2,32,0,4,8,4,0,0,164,N/A,N/A,RIGHT,5
0,2,2,8,0,4,8,4,0,2,32,4,0,0,8,4,172,N/A,N/A,RIGHT,5
0,0,4,8,0,4,8,4,0,2,32,4,0,2,8,4,176,N/A,N/A,LEFT,5
4,8,0,0,4,8,4,0,2,32,4,2,2,8,4,0,176,N/A,N/A,RIGHT,5
2,0,4,8,0,4,8,4,2,32,4,2,0,2,8,4,176,N/A,N/A,LEFT,5
2,4,8,0,4,8,4,0,2,32,4,2,2,8,4,2,176,N/A,N/A,UP,5
2,4,8,4,4,8,8,2,4,32,4,0,0,8,0,0,192,N/A,N/A,RIGHT,5
2,4,8,4,0,4,16,2,0,4,32,4,2,0,0,8,208,N/A,N/A,LEFT,5
2,4,8,4,4,16,2,0,4,32,4,0,2,8,0,4,208,N/A,N/A,UP,5
2,4,8,8,8,16,2,0,2,32,4,0,2,8,0,0,224,N/A,N/A,RIGHT,5
0,2,4,16,2,8,16,2,0,2,32,4,0,0,2,8,240,N/A,N/A,UP,5
2,2,4,16,0,8,16,2,0,2,32,4,2,0,2,8,240,N/A,N/A,UP,5
4,2,4,16,0,8,16,2,0,2,32,4,2,0,2,8,244,N/A,N/A,LEFT,5
4,2,4,16,8,16,2,0,2,32,4,0,4,8,0,2,248,N/A,N/A,UP,5
4,2,4,16,8,16,2,2,2,32,4,0,4,8,2,0,248,N/A,N/A,DOWN,5
4,2,4,2,8,16,2,0,2,32,4,16,4,8,2,2,248,N/A,N/A,RIGHT,5
4,2,4,2,4,8,16,2,2,32,4,16,0,4,8,4,252,N/A,N/A,UP,5
8,2,4,4,2,8,16,16,0,32,4,4,0,4,8,2,264,N/A,N/A,RIGHT,5
0,8,2,8,0,2,8,32,2,0,32,8,0,4,8,2,312,N/A,N/A,LEFT,5
8,2,8,0,2,8,32,0,2,32,8,2,4,8,2,0,312,N/A,N/A,RIGHT,5
2,8,2,8,0,2,8,32,2,32,8,2,0,4,8,2,312,N/A,N/A,LEFT,5
2,8,2,8,2,8,32,2,2,32,8,2,4,8,2,0,312,N/A,N/A,DOWN,5
2,0,2,0,2,16,32,0,4,32,8,8,4,8,2,4,336,N/A,N/A,UP,5
8,16,2,8,4,32,32,4,2,8,8,0,0,0,2,0,348,N/A,N/A,DOWN,5
0,2,2,0,8,16,32,0,4,32,8,8,2,8,2,4,348,N/A,N/A,UP,5
8,2,2,8,4,16,32,4,2,32,8,0,2,8,2,0,348,N/A,N/A,DOWN,5
0,2,2,2,0,16,32,0,0,32,8,8,16,8,2,4,376,N/A,N/A,DOWN,5
0,2,2,0,2,16,32,2,0,32,8,8,16,8,2,4,376,N/A,N/A,LEFT,5
4,0,0,0,2,16,32,2,32,16,2,0,16,8,2,4,396,N/A,N/A,RIGHT,5
0,0,0,4,2,16,32,2,2,32,16,2,16,8,2,4,396,N/A,N/A,LEFT,5
4,2,0,0,2,16,32,2,2,32,16,2,16,8,2,4,396,N/A,N/A,RIGHT,5
0,2,4,2,2,16,32,2,2,32,16,2,16,8,2,4,396,N/A,N/A,DOWN,5
0,2,4,2,0,16,32,2,4,32,16,4,16,8,2,4,404,N/A,N/A,UP,5
4,2,4,8,16,16,32,4,0,32,16,0,0,8,2,2,416,N/A,N/A,LEFT,5
4,2,4,8,64,4,0,0,32,16,0,2,8,4,0,0,516,N/A,N/A,LEFT,5
4,2,4,8,64,4,0,0,32,16,2,0,8,4,2,0,516,N/A,N/A,UP,5
4,2,4,8,64,4,4,0,32,16,0,2,8,4,0,0,520,N/A,N/A,RIGHT,5
4,2,4,8,2,0,64,8,0,32,16,2,0,0,8,4,528,N/A,N/A,LEFT,5
4,2,4,8,2,64,8,0,32,16,2,0,8,4,2,0,528,N/A,N/A,UP,5
4,2,4,8,2,64,8,2,32,16,4,0,8,4,0,0,532,N/A,N/A,RIGHT,5
4,2,4,8,2,64,8,2,0,32,16,4,0,2,8,4,532,N/A,N/A,DOWN,5
0,2,4,0,2,64,8,8,4,32,16,2,2,2,8,8,540,N/A,N/A,UP,5
2,2,4,8,4,64,8,2,2,32,16,8,0,2,8,2,540,N/A,N/A,RIGHT,5
2,4,4,8,4,64,8,2,2,32,16,8,0,2,8,2,544,N/A,N/A,LEFT,5
2,16,0,0,4,64,8,2,2,32,16,8,2,8,2,2,568,N/A,N/A,UP,5
2,16,8,2,4,64,16,8,4,32,2,2,0,8,2,0,572,N/A,N/A,DOWN,5
2,16,0,0,0,64,8,2,2,32,16,8,8,8,4,2,584,N/A,N/A,DOWN,5
0,16,0,2,0,64,8,2,4,32,16,8,8,8,4,2,588,N/A,N/A,RIGHT,5
0,0,16,2,0,64,8,2,4,32,16,8,2,16,4,2,604,N/A,N/A,UP,5
4,64,16,4,2,32,8,8,0,16,16,2,0,0,4,2,608,N/A,N/A,LEFT,5
4,64,16,4,2,32,16,0,32,2,0,0,4,2,0,2,656,N/A,N/A,LEFT,5
4,64,16,4,2,32,16,2,32,2,0,0,4,4,0,0,660,N/A,N/A,LEFT,5
4,64,16,4,2,32,16,2,32,2,0,2,8,0,0,0,668,N/A,N/A,DOWN,5
4,0,0,2,2,64,0,0,32,32,0,0,8,2,32,8,712,N/A,N/A,LEFT,5
4,2,0,0,2,64,2,0,64,0,0,0,8,2,32,8,776,N/A,N/A,RIGHT,5
0,0,4,2,0,2,64,2,2,0,0,64,8,2,32,8,776,N/A,N/A,RIGHT,5
0,4,4,2,0,2,64,2,0,0,2,64,8,2,32,8,776,N/A,N/A,DOWN,5
0,2,4,0,0,0,64,4,0,0,2,64,8,8,32,8,792,N/A,N/A,UP,5
8,2,4,4,0,8,64,64,4,0,2,8,0,0,32,0,792,N/A,N/A,DOWN,5
0,0,4,2,0,0,64,4,8,2,2,64,4,8,32,8,792,N/A,N/A,UP,5
8,2,4,2,4,8,64,4,0,0,2,64,0,2,32,8,792,N/A,N/A,DOWN,5
2,0,4,2,0,2,64,4,8,8,2,64,4,2,32,8,792,N/A,N/A,LEFT,5
2,4,2,2,2,64,4,0,16,2,64,0,4,2,32,8,808,N/A,N/A,UP,5
4,4,2,2,16,64,4,8,4,4,64,2,0,0,32,0,816,N/A,N/A,DOWN,5
0,0,2,2,4,4,4,2,16,64,64,8,4,4,32,2,816,N/A,N/A,DOWN,5
0,0,2,2,4,4,4,4,16,64,64,8,4,4,32,2,820,N/A,N/A,UP,5
4,4,2,2,16,64,4,4,4,4,64,8,4,0,32,2,820,N/A,N/A,LEFT,5
8,4,0,0,16,64,8,0,8,64,8,4,4,32,2,0,848,N/A,N/A,DOWN,5
8,0,0,0,16,4,0,2,8,128,16,0,4,32,2,4,992,N/A,N/A,UP,5
8,4,16,2,16,128,2,4,8,32,0,2,4,0,0,0,992,N/A,N/A,DOWN,5
8,0,0,0,16,4,2,2,8,128,16,4,4,32,2,2,992,N/A,N/A,LEFT,5
8,0,2,0,16,4,4,0,8,128,16,4,4,32,4,0,1000,N/A,N/A,LEFT,5
8,2,0,2,16,8,0,0,8,128,16,4,4,32,4,0,1008,N/A,N/A,RIGHT,5
0,2,8,4,0,0,16,8,8,128,16,4,0,4,32,4,1012,N/A,N/A,DOWN,5
2,0,0,0,0,2,8,0,0,128,32,4,8,4,32,16,1068,N/A,N/A,UP,5
2,2,8,4,8,128,64,16,0,4,0,0,0,0,2,0,1132,N/A,N/A,LEFT,5
4,8,4,0,8,128,64,16,4,0,0,2,2,0,0,0,1136,N/A,N/A,UP,5
4,8,4,16,8,128,64,2,4,0,0,0,2,0,2,0,1136,N/A,N/A,RIGHT,5
4,8,4,16,8,128,64,2,0,0,0,4,2,0,0,4,1140,N/A,N/A,UP,5
4,8,4,16,8,128,64,2,2,0,0,8,0,2,0,0,1148,N/A,N/A,RIGHT,5
4,8,4,16,8,128,64,2,0,0,2,8,0,0,4,2,1148,N/A,N/A,LEFT,5
4,8,4,16,8,128,64,2,2,8,0,2,4,2,0,0,1148,N/A,N/A,RIGHT,5
4,8,4,16,8,128,64,2,0,2,8,2,0,2,4,2,1148,N/A,N/A,UP,5
4,8,4,16,8,128,64,4,2,4,8,2,0,0,4,0,1156,N/A,N/A,LEFT,5
4,8,4,16,8,128,64,4,2,4,8,2,4,4,0,0,1156,N/A,N/A,RIGHT,5
4,8,4,16,8,128,64,4,2,4,8,2,0,0,2,8,1164,N/A,N/A,LEFT,5
4,8,4,16,8,128,64,4,2,4,8,2,2,8,2,0,1164,N/A,N/A,RIGHT,5
4,8,4,16,8,128,64,4,2,4,8,2,2,2,8,2,1164,N/A,N/A,UP,5
4,8,4,16,8,128,64,4,4,4,16,4,2,2,0,0,1188,N/A,N/A,LEFT,5
4,8,4,16,8,128,64,4,8,16,4,0,4,4,0,0,1200,N/A,N/A,DOWN,5
0,8,0,2,4,128,4,0,16,16,64,16,4,4,4,4,1216,N/A,N/A,LEFT,5
8,2,0,0,4,128,4,2,32,64,16,0,8,8,0,0,1264,N/A,N/A,UP,5
8,2,4,2,4,128,16,0,32,64,0,0,8,8,0,2,1264,N/A,N/A,UP,5
8,2,4,4,4,128,16,2,32,64,0,0,8,8,0,0,1268,N/A,N/A,RIGHT,5
0,8,2,8,4,128,16,2,0,0,32,64,2,0,0,16,1292,N/A,N/A,UP,5
4,8,2,8,2,128,16,2,2,0,32,64,0,0,0,16,1292,N/A,N/A,UP,5
4,8,2,8,4,128,16,2,0,0,32,64,0,0,2,16,1296,N/A,N/A,LEFT,5
4,8,2,8,4,128,16,2,32,64,0,0,2,16,0,2,1296,N/A,N/A,LEFT,5
4,8,2,8,4,128,16,2,32,64,0,0,2,16,2,2,1296,N/A,N/A,UP,5
8,8,2,8,32,128,16,4,2,64,2,0,0,16,0,2,1308,N/A,N/A,DOWN,5
0,8,2,0,8,128,2,8,32,64,16,4,2,16,2,2,1308,N/A,N/A,UP,5
8,8,4,8,32,128,16,4,2,64,2,2,0,16,2,0,1312,N/A,N/A,DOWN,5
0,8,0,2,8,128,4,8,32,64,16,4,2,16,4,2,1316,N/A,N/A,LEFT,5
8,2,0,2,8,128,4,8,32,64,16,4,2,16,4,2,1316,N/A,N/A,DOWN,5
2,2,0,2,16,128,4,8,32,64,16,4,2,16,4,2,1332,N/A,N/A,LEFT,5
4,2,2,0,16,128,4,8,32,64,16,4,2,16,4,2,1336,N/A,N/A,UP,5
4,2,2,8,16,128,4,4,32,64,16,2,2,16,4,2,1336,N/A,N/A,LEFT,5
4,4,8,2,16,128,8,0,32,64,16,2,2,16,4,2,1348,N/A,N/A,UP,5
4,4,32,4,16,128,4,2,32,64,0,0,2,16,2,0,1400,N/A,N/A,DOWN,5
4,4,0,0,16,128,32,2,32,64,4,4,2,16,2,2,1400,N/A,N/A,RIGHT,5
0,0,0,8,16,128,32,2,2,32,64,8,0,2,16,4,1420,N/A,N/A,UP,5
16,128,32,8,2,32,64,2,0,2,16,8,2,0,0,4,1420,N/A,N/A,UP,5
16,128,32,8,4,32,64,2,2,2,16,8,0,0,0,4,1424,N/A,N/A,RIGHT,5
16,128,32,8,4,32,64,2,0,4,16,8,0,0,2,4,1428,N/A,N/A,DOWN,5
0,0,32,8,2,128,64,2,16,32,16,8,4,4,2,4,1428,N/A,N/A,LEFT,5
32,8,2,0,2,128,64,2,16,32,16,8,8,2,4,0,1436,N/A,N/A,DOWN,5
32,8,2,0,2,128,64,2,16,32,16,2,8,2,4,8,1436,N/A,N/A,RIGHT,5
2,32,8,2,2,128,64,2,16,32,16,2,8,2,4,8,1436,N/A,N/A,UP,5
4,32,8,4,16,128,64,2,8,32,16,8,2,2,4,0,1444,N/A,N/A,LEFT,5
4,32,8,4,16,128,64,2,8,32,16,8,8,4,0,0,1456,N/A,N/A,UP,5
4,32,8,4,16,128,64,2,16,32,16,8,0,4,0,2,1472,N/A,N/A,LEFT,5
4,32,8,4,16,128,64,2,16,32,16,8,4,2,0,2,1472,N/A,N/A,UP,5
4,32,8,4,32,128,64,2,4,32,16,8,0,2,2,2,1504,N/A,N/A,LEFT,5
4,32,8,4,32,128,64,2,4,32,16,8,4,2,2,0,1508,N/A,N/A,RIGHT,5
4,32,8,4,32,128,64,2,4,32,16,8,2,0,0,8,1520,N/A,N/A,DOWN,5
4,0,0,2,32,32,8,4,4,128,64,2,2,32,16,16,1536,N/A,N/A,UP,5
4,32,8,2,32,128,64,4,4,32,16,2,2,2,0,16,1536,N/A,N/A,RIGHT,5
4,32,8,2,32,128,64,4,4,32,16,2,0,2,4,16,1540,N/A,N/A,LEFT,5
4,32,8,2,32,128,64,4,4,32,16,2,2,4,16,2,1540,N/A,N/A,UP,5
4,32,8,2,32,128,64,4,4,32,32,4,2,4,0,2,1576,N/A,N/A,DOWN,5
4,32,2,0,32,128,8,2,4,32,64,8,2,4,32,2,1584,N/A,N/A,RIGHT,5
2,4,32,2,32,128,8,2,4,32,64,8,2,4,32,2,1584,N/A,N/A,DOWN,5
0,0,0,0,0,0,0,2,0,0,0,0,0,2,0,0,0,N/A,N/A,RIGHT,6
0,2,0,0,0,0,0,2,0,0,0,0,0,0,0,2,0,N/A,N/A,UP,6
0,2,0,4,4,0,0,0,0,0,0,0,0,0,0,0,4,N/A,N/A,DOWN,6
0,0,0,0,0,0,0,2,0,0,0,0,4,2,0,4,4,N/A,N/A,RIGHT,6
0,0,0,0,0,0,0,2,0,0,0,0,2,4,2,4,4,N/A,N/A,UP,6
2,4,2,2,0,0,0,4,0,0,0,2,0,0,0,0,4,N/A,N/A,RIGHT,6
0,0,2,8,0,0,2,4,0,0,0,2,0,0,0,0,16,N/A,N/A,UP,6
0,0,4,8,0,4,0,4,0,0,0,2,0,0,0,0,20,N/A,N/A,RIGHT,6
0,2,4,8,0,0,0,8,0,0,0,2,0,0,0,0,28,N/A,N/A,DOWN,6
0,0,2,0,0,0,0,0,0,0,0,16,0,2,4,2,44,N/A,N/A,DOWN,6
2,0,0,0,0,0,0,0,0,0,2,16,0,2,4,2,44,N/A,N/A,DOWN,6
0,2,0,0,0,0,0,0,0,0,2,16,2,2,4,2,44,N/A,N/A,UP,6
2,4,2,16,2,0,4,2,0,0,0,0,0,0,0,0,48,N/A,N/A,RIGHT,6
2,4,2,16,0,2,4,2,0,0,0,0,0,0,0,2,48,N/A,N/A,LEFT,6
2,4,2,16,2,4,2,0,0,0,0,0,2,2,0,0,48,N/A,N/A,UP,6
4,8,4,16,2,2,0,0,0,0,0,2,0,0,0,0,64,N/A,N/A,RIGHT,6
4,8,4,16,0,2,0,4,0,0,0,2,0,0,0,0,68,N/A,N/A,LEFT,6
4,8,4,16,2,4,0,2,2,0,0,0,0,0,0,0,68,N/A,N/A,RIGHT,6
4,8,4,16,2,2,4,2,0,0,0,2,0,0,0,0,68,N/A,N/A,RIGHT,6
4,8,4,16,2,4,4,2,0,0,0,2,0,0,0,0,72,N/A,N/A,UP,6
4,8,8,16,2,4,0,4,0,2,0,0,0,0,0,0,84,N/A,N/A,LEFT,6
4,32,0,0,2,8,0,0,2,0,2,0,0,0,0,0,140,N/A,N/A,LEFT,6
4,32,0,0,2,8,0,0,4,0,0,0,0,0,4,0,144,N/A,N/A,UP,6
4,32,4,0,2,8,0,0,4,0,0,0,0,2,0,0,144,N/A,N/A,RIGHT,6
0,4,32,4,0,0,2,8,0,0,0,4,0,0,2,2,144,N/A,N/A,DOWN,6
0,4,0,4,0,0,0,8,0,0,32,4,0,4,4,2,148,N/A,N/A,UP,6
0,8,32,4,0,0,4,8,0,0,2,4,0,0,0,2,156,N/A,N/A,LEFT,6
8,32,4,0,4,8,0,0,2,4,0,0,2,2,0,0,156,N/A,N/A,LEFT,6
8,32,4,0,4,8,0,2,2,4,0,0,4,0,0,0,160,N/A,N/A,RIGHT,6
0,8,32,4,0,4,8,2,2,0,2,4,0,0,0,4,160,N/A,N/A,RIGHT,6
0,8,32,4,2,4,8,2,0,0,4,4,0,0,0,4,164,N/A,N/A,DOWN,6
2,0,0,0,0,0,32,4,0,8,8,2,2,4,4,8,172,N/A,N/A,RIGHT,6
0,2,0,2,0,0,32,4,0,0,16,2,0,2,8,8,196,N/A,N/A,RIGHT,6
0,0,2,4,0,0,32,4,0,0,16,2,0,0,2,16,216,N/A,N/A,LEFT,6
2,4,0,0,32,4,0,0,16,2,2,0,2,16,0,0,216,N/A,N/A,DOWN,6
2,0,0,0,32,8,2,0,16,2,0,0,2,16,2,0,224,N/A,N/A,DOWN,6
2,0,0,0,32,8,2,0,16,2,0,0,2,16,4,0,228,N/A,N/A,DOWN,6
2,2,0,0,32,8,0,0,16,2,2,0,2,16,4,0,228,N/A,N/A,RIGHT,6
0,0,0,4,2,0,32,8,0,0,16,4,0,2,16,4,236,N/A,N/A,LEFT,6
4,0,2,0,2,32,8,0,16,4,0,0,2,16,4,0,236,N/A,N/A,UP,6
4,32,2,0,2,4,8,0,16,16,4,0,2,0,4,0,236,N/A,N/A,RIGHT,6
4,4,32,2,0,2,4,8,0,0,32,4,0,0,2,4,268,N/A,N/A,LEFT,6
8,32,2,0,2,4,8,0,32,4,0,0,2,4,0,2,276,N/A,N/A,LEFT,6
8,32,2,0,2,4,8,0,32,4,0,2,2,4,2,0,276,N/A,N/A,RIGHT,6
0,8,32,2,0,2,4,8,2,32,4,2,0,2,4,2,276,N/A,N/A,LEFT,6
8,32,2,0,2,4,8,0,2,32,4,2,2,4,2,2,276,N/A,N/A,LEFT,6
8,32,2,0,2,4,8,0,2,32,4,2,2,4,4,4,280,N/A,N/A,UP,6
8,32,2,2,4,4,8,4,2,32,8,0,2,4,0,0,292,N/A,N/A,DOWN,6
0,32,2,0,0,4,0,0,0,32,2,2,16,4,16,4,336,N/A,N/A,DOWN,6
0,32,0,2,0,4,0,0,0,32,4,2,16,4,16,4,340,N/A,N/A,DOWN,6
0,32,0,0,2,4,0,0,0,32,4,4,16,4,16,4,344,N/A,N/A,LEFT,6
32,0,2,0,2,4,0,0,32,8,0,0,16,4,16,4,352,N/A,N/A,LEFT,6
32,2,0,0,2,4,0,0,32,8,0,2,16,4,16,4,352,N/A,N/A,RIGHT,6
0,0,32,2,2,0,2,4,0,32,8,2,16,4,16,4,352,N/A,N/A,UP,6
2,32,32,2,16,4,2,4,0,0,8,2,4,0,16,4,352,N/A,N/A,UP,6
2,32,32,2,16,4,2,4,4,0,8,2,0,2,16,4,352,N/A,N/A,UP,6
2,32,32,2,16,4,2,4,4,2,8,2,0,2,16,4,352,N/A,N/A,LEFT,6
2,64,2,0,16,4,2,4,4,2,8,2,2,16,4,2,416,N/A,N/A,DOWN,6
2,64,0,0,16,4,4,4,4,2,8,0,2,16,4,8,432,N/A,N/A,RIGHT,6
2,0,2,64,0,16,4,8,0,4,2,8,2,16,4,8,440,N/A,N/A,UP,6
4,16,2,64,0,4,4,16,0,16,2,8,2,0,4,0,460,N/A,N/A,UP,6
4,16,2,64,2,4,4,16,0,16,2,8,0,0,4,4,460,N/A,N/A,DOWN,6
0,2,2,64,0,16,4,16,4,4,2,8,2,16,4,4,460,N/A,N/A,LEFT,6
4,64,0,2,16,4,16,0,8,2,8,0,2,16,8,0,480,N/A,N/A,RIGHT,6
0,4,64,2,2,16,4,16,0,8,2,8,0,2,16,8,480,N/A,N/A,LEFT,6
4,64,2,0,2,16,4,16,8,2,8,0,2,16,8,2,480,N/A,N/A,DOWN,6
4,64,0,2,2,16,2,0,8,2,4,16,2,16,16,2,496,N/A,N/A,LEFT,6
4,64,2,2,2,16,2,0,8,2,4,16,2,32,2,0,528,N/A,N/A,UP,6
4,64,8,2,2,16,2,16,8,2,0,2,2,32,0,0,540,N/A,N/A,DOWN,6
4,64,0,4,2,16,0,2,8,2,8,16,2,32,2,2,540,N/A,N/A,RIGHT,6
0,4,64,4,2,2,16,2,8,2,8,16,0,2,32,4,544,N/A,N/A,UP,6
2,4,64,4,8,4,16,2,0,2,8,16,4,0,32,4,548,N/A,N/A,RIGHT,6
2,4,64,4,8,4,16,2,2,2,8,16,0,4,32,4,548,N/A,N/A,LEFT,6
2,4,64,4,8,4,16,2,4,8,16,2,4,32,4,0,552,N/A,N/A,UP,6
2,16,64,4,8,32,32,4,8,4,4,0,0,0,0,0,620,N/A,N/A,LEFT,6
2,16,64,4,8,64,4,0,8,8,0,0,0,2,0,0,692,N/A,N/A,LEFT,6
2,16,64,4,8,64,4,0,16,0,0,0,2,2,0,0,708,N/A,N/A,RIGHT,6
2,16,64,4,2,8,64,4,0,0,0,16,0,0,0,4,712,N/A,N/A,LEFT,6
2,16,64,4,2,8,64,4,16,0,0,0,4,0,2,0,712,N/A,N/A,UP,6
4,16,128,8,16,8,2,0,4,0,0,0,0,0,0,2,852,N/A,N/A,RIGHT,6
4,16,128,8,0,16,8,2,0,0,0,4,2,0,0,2,852,N/A,N/A,UP,6
4,32,128,8,2,0,8,2,0,0,0,4,0,0,2,2,884,N/A,N/A,RIGHT,6
4,32,128,8,0,2,8,2,0,0,0,4,0,0,2,4,888,N/A,N/A,DOWN,6
0,2,0,0,0,0,128,8,0,32,8,2,4,2,2,8,896,N/A,N/A,RIGHT,6
2,0,0,2,0,0,128,8,0,32,8,2,0,0,8,8,908,N/A,N/A,UP,6
2,32,128,2,0,0,16,8,0,0,0,2,0,0,2,8,924,N/A,N/A,DOWN,6
0,0,2,2,0,0,128,8,0,0,16,2,2,32,2,8,924,N/A,N/A,LEFT,6
4,0,2,0,128,8,0,0,16,2,0,0,2,32,2,8,928,N/A,N/A,UP,6
4,8,4,8,128,2,0,0,16,32,0,0,2,0,2,0,932,N/A,N/A,UP,6
4,8,4,8,128,2,2,0,16,32,0,0,2,0,0,2,932,N/A,N/A,LEFT,6
4,8,4,8,128,4,0,0,16,32,0,0,4,4,0,0,940,N/A,N/A,RIGHT,6
4,8,4,8,0,0,128,4,2,0,16,32,0,0,0,8,948,N/A,N/A,RIGHT,6
4,8,4,8,0,0,128,4,0,2,16,32,0,0,2,8,948,N/A,N/A,DOWN,6
0,0,4,8,4,0,128,4,0,8,16,32,4,2,2,8,948,N/A,N/A,LEFT,6
4,8,0,0,4,128,4,0,8,16,32,0,4,4,8,2,952,N/A,N/A,DOWN,6
0,8,0,0,8,128,4,0,8,16,32,4,4,4,8,2,960,N/A,N/A,UP,6
16,8,4,4,4,128,32,2,0,16,8,0,4,4,0,0,976,N/A,N/A,RIGHT,6
0,0,0,32,4,128,32,2,0,0,16,8,0,0,2,8,1040,N/A,N/A,UP,6
4,128,32,32,0,0,16,2,0,0,2,16,0,0,0,2,1056,N/A,N/A,RIGHT,6
0,4,128,64,0,0,16,2,0,2,2,16,0,0,0,2,1120,N/A,N/A,LEFT,6
4,128,64,0,16,2,0,0,4,16,2,0,2,0,0,0,1124,N/A,N/A,DOWN,6
4,0,2,0,16,128,0,0,4,2,64,0,2,16,2,0,1124,N/A,N/A,UP,6
4,128,2,0,16,2,64,2,4,16,2,0,2,0,0,0,1124,N/A,N/A,RIGHT,6
2,4,128,2,16,2,64,2,0,4,16,2,0,0,0,2,1124,N/A,N/A,DOWN,6
2,0,0,0,0,4,128,0,2,2,64,4,16,4,16,4,1132,N/A,N/A,LEFT,6
2,0,0,0,4,128,2,0,4,64,4,0,16,4,16,4,1136,N/A,N/A,UP,6
2,128,2,4,8,64,4,0,16,4,16,0,0,2,0,0,1144,N/A,N/A,RIGHT,6
2,128,2,4,4,8,64,4,0,16,4,16,0,0,0,2,1144,N/A,N/A,DOWN,6
0,0,0,0,4,128,2,8,2,8,64,16,4,16,4,2,1152,N/A,N/A,UP,6
4,128,2,8,2,8,64,16,4,16,4,2,0,0,4,0,1152,N/A,N/A,DOWN,6
0,2,0,0,4,128,2,8,2,8,64,16,4,16,8,2,1160,N/A,N/A,RIGHT,6
2,0,0,2,4,128,2,8,2,8,64,16,4,16,8,2,1160,N/A,N/A,RIGHT,6
0,2,0,4,4,128,2,8,2,8,64,16,4,16,8,2,1164,N/A,N/A,UP,6
4,2,2,4,2,128,64,8,4,8,8,16,0,16,2,2,1164,N/A,N/A,RIGHT,6
2,0,8,4,2,128,64,8,0,4,16,16,0,0,16,4,1196,N/A,N/A,UP,6
4,128,8,4,0,4,64,8,0,0,32,16,0,2,0,4,1232,N/A,N/A,DOWN,6
0,0,0,4,2,128,8,8,0,4,64,16,4,2,32,4,1232,N/A,N/A,DOWN,6
0,0,0,4,2,128,8,8,2,4,64,16,4,2,32,4,1232,N/A,N/A,RIGHT,6
0,2,0,4,0,2,128,16,2,4,64,16,4,2,32,4,1248,N/A,N/A,RIGHT,6
2,0,2,4,0,2,128,16,2,4,64,16,4,2,32,4,1248,N/A,N/A,UP,6
8,2,2,4,0,4,128,32,0,2,64,4,2,0,32,0,1292,N/A,N/A,DOWN,6
2,0,2,0,0,2,128,4,8,4,64,32,2,2,32,4,1292,N/A,N/A,DOWN,6
0,2,2,0,2,2,128,4,8,4,64,32,2,2,32,4,1292,N/A,N/A,DOWN,6
0,2,2,0,2,4,128,4,8,4,64,32,2,2,32,4,1296,N/A,N/A,UP,6
2,2,2,4,8,8,128,32,2,2,64,4,0,0,32,2,1304,N/A,N/A,DOWN,6
2,0,2,4,2,2,128,32,8,8,64,4,2,2,32,2,1304,N/A,N/A,RIGHT,6
0,2,4,4,0,4,128,32,0,16,64,4,0,4,32,2,1332,N/A,N/A,RIGHT,6
2,0,2,8,0,4,128,32,0,16,64,4,0,4,32,2,1340,N/A,N/A,UP,6
2,4,2,8,0,16,128,32,0,4,64,4,0,2,32,2,1340,N/A,N/A,DOWN,6
0,4,2,8,2,16,128,32,0,4,64,4,2,2,32,2,1340,N/A,N/A,DOWN,6
2,4,2,8,0,16,128,32,0,4,64,4,4,2,32,2,1344,N/A,N/A,LEFT,6
2,4,2,8,16,128,32,0,4,64,4,2,4,2,32,2,1344,N/A,N/A,DOWN,6
0,4,2,2,2,128,32,0,16,64,4,8,8,2,32,4,1356,N/A,N/A,LEFT,6
4,4,0,2,2,128,32,0,16,64,4,8,8,2,32,4,1360,N/A,N/A,RIGHT,6
0,2,8,2,0,2,128,32,16,64,4,8,8,2,32,4,1368,N/A,N/A,DOWN,6
0,2,8,2,0,4,128,32,16,64,4,8,8,2,32,4,1372,N/A,N/A,UP,6
16,2,8,2,8,4,128,32,2,64,4,8,0,2,32,4,1372,N/A,N/A,DOWN,6
2,2,8,2,16,4,128,32,8,64,4,8,2,2,32,4,1372,N/A,N/A,RIGHT,6
0,4,8,2,16,4,128,32,8,64,4,8,2,4,32,4,1380,N/A,N/A,DOWN,6
0,2,8,2,16,8,128,32,8,64,4,8,2,4,32,4,1388,N/A,N/A,UP,6
16,2,8,2,8,8,128,32,2,64,4,8,2,4,32,4,1388,N/A,N/A,DOWN,6
2,2,8,2,16,8,128,32,8,64,4,8,4,4,32,4,1392,N/A,N/A,LEFT,6
4,8,2,2,16,8,128,32,8,64,4,8,8,32,4,0,1404,N/A,N/A,RIGHT,6
2,4,8,4,16,8,128,32,8,64,4,8,0,8,32,4,1408,N/A,N/A,DOWN,6
2,4,8,4,2,8,128,32,16,64,4,8,8,8,32,4,1408,N/A,N/A,UP,6
4,4,8,4,16,8,128,32,8,64,4,8,2,8,32,4,1412,N/A,N/A,LEFT,6
16,4,0,2,16,8,128,32,8,64,4,8,2,8,32,4,1436,N/A,N/A,RIGHT,6
